# ************************************************************
# Sequel Pro SQL dump
# Version 4096
#
# http://www.sequelpro.com/
# http://code.google.com/p/sequel-pro/
#
# Host: 127.0.0.1 (MySQL 5.6.23)
# Database: volcan
# Generation Time: 2017-03-11 20:04:43 +0000
# ************************************************************


/*!40101 SET @OLD_CHARACTER_SET_CLIENT=@@CHARACTER_SET_CLIENT */;
/*!40101 SET @OLD_CHARACTER_SET_RESULTS=@@CHARACTER_SET_RESULTS */;
/*!40101 SET @OLD_COLLATION_CONNECTION=@@COLLATION_CONNECTION */;
/*!40101 SET NAMES utf8 */;
/*!40014 SET @OLD_FOREIGN_KEY_CHECKS=@@FOREIGN_KEY_CHECKS, FOREIGN_KEY_CHECKS=0 */;
/*!40101 SET @OLD_SQL_MODE=@@SQL_MODE, SQL_MODE='NO_AUTO_VALUE_ON_ZERO' */;
/*!40111 SET @OLD_SQL_NOTES=@@SQL_NOTES, SQL_NOTES=0 */;


# Dump of table ADELANTOS
# ------------------------------------------------------------

DROP TABLE IF EXISTS `ADELANTOS`;

CREATE TABLE `ADELANTOS` (
  `id` int(11) unsigned NOT NULL AUTO_INCREMENT,
  `EMPLEADO` int(11) DEFAULT NULL,
  `FECHA` date DEFAULT NULL,
  `MONTO` double(15,2) DEFAULT NULL,
  `OBSERVACIONES` varchar(500) DEFAULT NULL,
  PRIMARY KEY (`id`)
) ENGINE=InnoDB DEFAULT CHARSET=latin1;

LOCK TABLES `ADELANTOS` WRITE;
/*!40000 ALTER TABLE `ADELANTOS` DISABLE KEYS */;

INSERT INTO `ADELANTOS` (`id`, `EMPLEADO`, `FECHA`, `MONTO`, `OBSERVACIONES`)
VALUES
	(1,1,'2015-12-01',300.00,'Prestamo de prueba'),
	(2,1,'2015-12-16',20.00,''),
	(3,1,'2016-04-14',400.00,'adelanto de sueldo'),
	(4,1,'2016-06-18',50.00,'cincuenta'),
	(5,2,'2016-06-02',500.00,'Prestamo ETC'),
	(6,1,'2016-06-11',150.00,'Adelanto de sueldo'),
	(7,4,'2016-06-14',100.00,'se le hizo un adelanto sobre sueldo. '),
	(8,4,'2016-06-29',50.00,'adelanto');

/*!40000 ALTER TABLE `ADELANTOS` ENABLE KEYS */;
UNLOCK TABLES;


# Dump of table ALIAS
# ------------------------------------------------------------

DROP TABLE IF EXISTS `ALIAS`;

CREATE TABLE `ALIAS` (
  `id` int(11) unsigned NOT NULL AUTO_INCREMENT,
  `DESCRIPCION` varchar(255) DEFAULT NULL,
  `ID_PRODUCTO` int(11) DEFAULT NULL,
  PRIMARY KEY (`id`)
) ENGINE=InnoDB DEFAULT CHARSET=latin1;

LOCK TABLES `ALIAS` WRITE;
/*!40000 ALTER TABLE `ALIAS` DISABLE KEYS */;

INSERT INTO `ALIAS` (`id`, `DESCRIPCION`, `ID_PRODUCTO`)
VALUES
	(8,'CLASICO',7),
	(10,'zzz',5),
	(11,'combo',4),
	(13,'X019',9),
	(14,'401',9),
	(15,'COMBO ALIAS',10),
	(16,'PC000A',11),
	(17,'PAQUETECUETES',11),
	(18,'C223',9);

/*!40000 ALTER TABLE `ALIAS` ENABLE KEYS */;
UNLOCK TABLES;


# Dump of table BANCOS
# ------------------------------------------------------------

DROP TABLE IF EXISTS `BANCOS`;

CREATE TABLE `BANCOS` (
  `id` int(11) unsigned NOT NULL AUTO_INCREMENT,
  `DESCRIPCION` varchar(300) DEFAULT NULL,
  PRIMARY KEY (`id`)
) ENGINE=InnoDB DEFAULT CHARSET=latin1;

LOCK TABLES `BANCOS` WRITE;
/*!40000 ALTER TABLE `BANCOS` DISABLE KEYS */;

INSERT INTO `BANCOS` (`id`, `DESCRIPCION`)
VALUES
	(1,'CHN'),
	(2,'INMOBILIARIO'),
	(3,'BANTRAB'),
	(4,'BI'),
	(5,'BANRURAL'),
	(6,'INTERNACIONAL'),
	(7,'REFORMADOR'),
	(8,'CITI'),
	(9,'VIVIBANCO'),
	(10,'FICOHSA'),
	(11,'PROMERICA'),
	(12,'ANTIGUA'),
	(13,'BAC'),
	(14,'AGRO'),
	(15,'GYT'),
	(16,'BCO-CREDITO'),
	(17,'AZTECA'),
	(18,'El Nuevo Banco de AC'),
	(19,'Deposito a BI'),
	(20,'Deposito a Banrural');

/*!40000 ALTER TABLE `BANCOS` ENABLE KEYS */;
UNLOCK TABLES;


# Dump of table BANCOS_MOVIMIENTOS
# ------------------------------------------------------------

DROP TABLE IF EXISTS `BANCOS_MOVIMIENTOS`;

CREATE TABLE `BANCOS_MOVIMIENTOS` (
  `id` int(11) unsigned NOT NULL AUTO_INCREMENT,
  `ID_BANCO` int(11) DEFAULT NULL,
  `FECHA` timestamp NULL DEFAULT NULL,
  `TIPO_MOVIMIENTO` int(11) DEFAULT NULL,
  `DESCRIPCION` varchar(300) DEFAULT NULL,
  `MONTO` double(15,2) DEFAULT NULL,
  PRIMARY KEY (`id`)
) ENGINE=InnoDB DEFAULT CHARSET=latin1;



# Dump of table BODEGAS
# ------------------------------------------------------------

DROP TABLE IF EXISTS `BODEGAS`;

CREATE TABLE `BODEGAS` (
  `id` int(11) unsigned NOT NULL AUTO_INCREMENT,
  `NOMBRE` varchar(30) DEFAULT NULL,
  `DIRECCION` varchar(250) DEFAULT NULL,
  `TELEFONO` varchar(15) DEFAULT NULL,
  `ESTADO` tinyint(1) DEFAULT NULL,
  `ID_PUNTO_DE_VENTA` int(11) DEFAULT NULL,
  PRIMARY KEY (`id`)
) ENGINE=InnoDB DEFAULT CHARSET=latin1;

LOCK TABLES `BODEGAS` WRITE;
/*!40000 ALTER TABLE `BODEGAS` DISABLE KEYS */;

INSERT INTO `BODEGAS` (`id`, `NOMBRE`, `DIRECCION`, `TELEFONO`, `ESTADO`, `ID_PUNTO_DE_VENTA`)
VALUES
	(2,'SUCURSAL  CALZADA SAN JUAN','Calzada san Juan','3445-2312',1,1),
	(3,'SUCURSAL  4a CALLE','4a calle.','5566-2213',1,NULL),
	(4,'CENTRAL  12 AVENIDA','12 av 2-62  colonia La Florida zona 19','2433-4205',1,1),
	(5,'SUCURSAL  XELA','Quetzaltenango','69768987',0,4),
	(6,'SUCURSAL SAN MARCOS','San Marcos.','78765432',0,NULL),
	(7,'siete',NULL,NULL,1,NULL),
	(8,'ocho',NULL,NULL,1,NULL),
	(9,'nueve',NULL,NULL,1,NULL),
	(10,'diez',NULL,NULL,1,NULL),
	(11,'once',NULL,NULL,1,NULL),
	(12,'doce',NULL,NULL,1,NULL),
	(13,'De Prueba','La direccion','4242332',1,3),
	(14,'La nueva','la direccion 2 ','23232',1,1);

/*!40000 ALTER TABLE `BODEGAS` ENABLE KEYS */;
UNLOCK TABLES;


# Dump of table BODEGAS_USUARIOS
# ------------------------------------------------------------

DROP TABLE IF EXISTS `BODEGAS_USUARIOS`;

CREATE TABLE `BODEGAS_USUARIOS` (
  `id` int(11) unsigned NOT NULL AUTO_INCREMENT,
  `ID_BODEGA` int(11) DEFAULT NULL,
  `ID_USUARIO` int(11) DEFAULT NULL,
  PRIMARY KEY (`id`)
) ENGINE=InnoDB DEFAULT CHARSET=latin1;

LOCK TABLES `BODEGAS_USUARIOS` WRITE;
/*!40000 ALTER TABLE `BODEGAS_USUARIOS` DISABLE KEYS */;

INSERT INTO `BODEGAS_USUARIOS` (`id`, `ID_BODEGA`, `ID_USUARIO`)
VALUES
	(1,2,18),
	(2,2,15),
	(5,2,2),
	(6,4,2),
	(7,5,2),
	(8,2,4),
	(9,2,5),
	(10,5,3),
	(11,6,3),
	(12,4,6),
	(13,14,2);

/*!40000 ALTER TABLE `BODEGAS_USUARIOS` ENABLE KEYS */;
UNLOCK TABLES;


# Dump of table CAJA_DETALLE
# ------------------------------------------------------------

DROP TABLE IF EXISTS `CAJA_DETALLE`;

CREATE TABLE `CAJA_DETALLE` (
  `id` int(11) unsigned NOT NULL AUTO_INCREMENT,
  `ID_CAJA` int(11) DEFAULT NULL,
  `FECHA_APERTURA` timestamp NULL DEFAULT NULL,
  `FECHA_CIERRE` timestamp NULL DEFAULT NULL,
  `USUARIO_APERTURA` int(11) DEFAULT NULL,
  `USUARIO_CIERRE` int(11) DEFAULT NULL,
  `EFECTIVO_APERTURA` double(15,2) DEFAULT NULL,
  `EFECTIVO_CIERRE` double(15,2) DEFAULT NULL,
  `TARJETA_APERTURA` double(15,2) DEFAULT NULL,
  `TARJETA_CIERRE` double(15,2) DEFAULT NULL,
  `CREDITO_APERTURA` double(15,2) DEFAULT NULL,
  `CREDITO_CIERRE` double(15,2) DEFAULT NULL,
  `CHEQUE_APERTURA` double(15,2) DEFAULT NULL,
  `CHEQUE_CIERRE` double(15,2) DEFAULT NULL,
  `CORRELATIVO_CIERRE` int(11) DEFAULT NULL,
  PRIMARY KEY (`id`)
) ENGINE=InnoDB DEFAULT CHARSET=latin1;

LOCK TABLES `CAJA_DETALLE` WRITE;
/*!40000 ALTER TABLE `CAJA_DETALLE` DISABLE KEYS */;

INSERT INTO `CAJA_DETALLE` (`id`, `ID_CAJA`, `FECHA_APERTURA`, `FECHA_CIERRE`, `USUARIO_APERTURA`, `USUARIO_CIERRE`, `EFECTIVO_APERTURA`, `EFECTIVO_CIERRE`, `TARJETA_APERTURA`, `TARJETA_CIERRE`, `CREDITO_APERTURA`, `CREDITO_CIERRE`, `CHEQUE_APERTURA`, `CHEQUE_CIERRE`, `CORRELATIVO_CIERRE`)
VALUES
	(3,4,'2016-03-14 22:29:54','2016-03-14 22:37:12',2,3,0.00,168.50,0.00,0.00,0.00,0.00,0.00,0.00,NULL),
	(4,4,'2016-03-14 23:05:03','2016-03-14 23:05:12',3,3,0.00,0.00,0.00,0.00,0.00,0.00,0.00,0.00,NULL),
	(5,4,'2016-03-14 23:05:43','2016-03-14 23:06:57',3,2,0.00,168.50,0.00,0.00,0.00,0.00,0.00,0.00,NULL),
	(6,1,'2016-03-20 21:31:35','2016-03-20 21:33:21',2,2,0.00,842.50,0.00,505.50,0.00,505.50,0.00,674.00,NULL),
	(7,1,'2016-03-20 21:36:28','2016-03-20 21:40:18',2,2,0.00,0.00,0.00,0.00,0.00,0.00,0.00,0.00,NULL),
	(8,1,'2016-03-20 21:42:38','2016-03-20 21:42:42',2,2,0.00,168.50,0.00,0.00,0.00,0.00,0.00,0.00,NULL),
	(9,1,'2016-03-22 20:55:52','2016-05-31 12:41:49',2,2,0.00,168.50,0.00,0.00,0.00,168.50,0.00,0.00,NULL),
	(10,5,'2016-05-31 16:25:03','2016-05-31 17:05:25',4,4,0.00,3022.00,0.00,0.00,0.00,0.00,0.00,0.00,NULL),
	(11,5,'2016-05-31 17:10:54','2016-05-31 17:19:57',4,4,0.00,2501.00,0.00,2001.00,0.00,1515.00,0.00,16675.00,NULL),
	(12,5,'2016-05-31 22:35:38','2016-06-20 23:45:24',2,2,0.00,3634.25,0.00,0.00,0.00,0.00,0.00,33350.00,NULL),
	(13,5,'2016-06-20 23:56:59','2016-06-20 23:58:11',2,2,0.00,500.00,0.00,0.00,0.00,0.00,0.00,0.00,1),
	(14,5,'2016-06-21 17:35:31','2016-06-21 17:49:21',2,2,0.00,1997.00,0.00,0.00,0.00,0.00,0.00,0.00,2),
	(15,3,'2016-06-21 17:49:43','2016-06-21 17:50:34',2,2,0.00,9.00,0.00,0.00,0.00,0.00,0.00,0.00,1),
	(16,1,'2016-07-05 14:23:09','2016-07-07 22:05:02',2,2,0.00,0.00,0.00,0.00,0.00,1524.50,0.00,0.00,1),
	(17,5,'2016-07-05 23:07:33',NULL,2,NULL,0.00,NULL,0.00,NULL,0.00,NULL,0.00,NULL,NULL),
	(18,1,'2016-07-07 22:07:24','2016-07-11 21:21:59',2,2,0.00,0.00,0.00,0.00,0.00,0.00,0.00,0.00,2),
	(19,1,'2016-07-11 21:22:36','2016-07-11 21:25:35',2,2,0.00,0.00,0.00,0.00,0.00,0.00,0.00,0.00,3),
	(20,1,'2016-07-11 21:30:36','2016-07-17 16:12:50',2,2,0.00,41806.00,0.00,0.00,0.00,0.00,0.00,0.00,4),
	(21,1,'2016-07-17 16:12:55','2016-07-17 16:14:00',2,2,0.00,0.00,0.00,0.00,0.00,0.00,0.00,0.00,5),
	(22,1,'2016-07-17 16:14:12','2016-07-23 16:50:12',2,2,0.00,3151.25,0.00,168.50,0.00,0.00,0.00,0.00,6),
	(23,1,'2016-07-23 16:53:31','2016-07-23 16:55:39',2,2,0.00,0.00,0.00,0.00,0.00,0.00,0.00,0.00,7),
	(24,1,'2016-07-23 16:55:47',NULL,2,NULL,0.00,NULL,0.00,NULL,0.00,NULL,0.00,NULL,NULL),
	(25,3,'2017-03-07 21:25:39',NULL,2,NULL,0.00,NULL,0.00,NULL,0.00,NULL,0.00,NULL,NULL);

/*!40000 ALTER TABLE `CAJA_DETALLE` ENABLE KEYS */;
UNLOCK TABLES;


# Dump of table CAJA_PUNTO_VENTA
# ------------------------------------------------------------

DROP TABLE IF EXISTS `CAJA_PUNTO_VENTA`;

CREATE TABLE `CAJA_PUNTO_VENTA` (
  `id` int(11) unsigned NOT NULL AUTO_INCREMENT,
  `ID_PUNTO_VENTA` int(11) DEFAULT NULL,
  `DESCRIPCION` varchar(300) DEFAULT NULL,
  `ESTADO` tinyint(1) DEFAULT NULL,
  PRIMARY KEY (`id`)
) ENGINE=InnoDB DEFAULT CHARSET=latin1;

LOCK TABLES `CAJA_PUNTO_VENTA` WRITE;
/*!40000 ALTER TABLE `CAJA_PUNTO_VENTA` DISABLE KEYS */;

INSERT INTO `CAJA_PUNTO_VENTA` (`id`, `ID_PUNTO_VENTA`, `DESCRIPCION`, `ESTADO`)
VALUES
	(1,1,'Caja 1',1),
	(2,2,'Caja 2 punto 2',NULL),
	(3,1,'Caja 2',1),
	(4,2,'caja UNO punto DOS',0),
	(5,1,'Caja 3',1);

/*!40000 ALTER TABLE `CAJA_PUNTO_VENTA` ENABLE KEYS */;
UNLOCK TABLES;


# Dump of table CARGAS_BODEGA
# ------------------------------------------------------------

DROP TABLE IF EXISTS `CARGAS_BODEGA`;

CREATE TABLE `CARGAS_BODEGA` (
  `id` int(11) unsigned NOT NULL AUTO_INCREMENT,
  `BODEGA` int(11) DEFAULT NULL,
  `FECHA` timestamp NULL DEFAULT NULL,
  `USUARIO` int(11) DEFAULT NULL,
  `TRANSID` varchar(300) DEFAULT NULL,
  `CORRELATIVO` int(11) DEFAULT NULL,
  PRIMARY KEY (`id`)
) ENGINE=InnoDB DEFAULT CHARSET=utf8;

LOCK TABLES `CARGAS_BODEGA` WRITE;
/*!40000 ALTER TABLE `CARGAS_BODEGA` DISABLE KEYS */;

INSERT INTO `CARGAS_BODEGA` (`id`, `BODEGA`, `FECHA`, `USUARIO`, `TRANSID`, `CORRELATIVO`)
VALUES
	(1,2,'2016-01-13 00:00:00',2,'EFT315761635428989636',NULL),
	(2,2,'2016-01-17 00:00:00',2,'EFT-5110204940173961186',NULL),
	(3,2,'2016-01-17 00:00:00',2,'EFT4379140600683786668',NULL),
	(4,2,'2016-01-17 00:00:00',2,'EFT3033492138161383290',NULL),
	(5,4,'2016-01-24 00:00:00',2,'EFT-8044368801491841996',NULL),
	(6,2,'2016-01-24 00:00:00',2,'EFT-6155711285530979122',NULL),
	(7,2,'2016-01-24 00:00:00',2,'EFT1760439037053727298',NULL),
	(8,2,'2016-01-24 00:00:00',2,'EFT-8957710515223666959',NULL),
	(9,2,'2016-01-24 00:00:00',2,'EFT2979760610233869096',NULL),
	(10,2,'2016-01-24 00:00:00',2,'EFT-7776783907358149521',NULL),
	(11,2,'2016-01-24 00:00:00',2,'EFT344779769963910075',NULL),
	(12,2,'2016-01-24 00:00:00',2,'EFT7050757060514793070',NULL),
	(13,4,'2016-02-12 00:00:00',2,'EFT-321826485669414284',NULL),
	(14,4,'2016-02-13 00:00:00',2,'EFT-834063407218883912',NULL),
	(15,4,'2016-02-13 00:00:00',2,'EFT3539447734360813163',NULL),
	(16,4,'2016-02-17 00:00:00',2,'EFT-379754650269817884',NULL),
	(17,2,'2016-02-21 00:00:00',2,'EFT-9122429250005646112',NULL),
	(18,2,'2016-03-22 00:00:00',2,'EFT8954523432860319426',NULL),
	(19,2,'2016-03-28 00:00:00',2,'EFT1607479374419805159',NULL),
	(20,2,'2016-03-30 00:00:00',2,'EFT-493801055402568856',NULL),
	(21,2,'2016-03-30 00:00:00',2,'EFT400016494823237517',NULL),
	(22,2,'2016-03-30 00:00:00',2,'EFT-2593909434534515035',NULL),
	(23,2,'2016-03-30 00:00:00',2,'EFT3579507309551216597',NULL),
	(24,2,'2016-04-01 00:00:00',2,'EFT-4963032886835508569',NULL),
	(25,2,'2016-04-01 00:00:00',2,'EFT2634627566198040299',NULL),
	(26,2,'2016-04-04 00:00:00',2,'EFT7146614893009889655',NULL),
	(27,2,'2016-04-04 00:00:00',2,'EFT-7286574771269200841',NULL),
	(28,2,'2016-04-04 00:00:00',2,'EFT-6884280809095682102',NULL),
	(29,2,'2016-04-04 00:00:00',2,'EFT-7805217463393886430',NULL),
	(30,2,'2016-04-09 00:00:00',2,'EFT570059430222557433',NULL),
	(31,2,'2016-04-09 00:00:00',2,'EFT-8329422220604592277',NULL),
	(32,2,'2016-04-09 00:00:00',2,'EFT-3621363832164523917',NULL),
	(33,2,'2016-05-04 00:00:00',2,'EFT-7290398499036077246',NULL),
	(34,2,'2016-05-12 00:00:00',2,'EFT9196341776654370073',1),
	(35,2,'2016-05-12 00:00:00',2,'EFT-4049837878328502777',2),
	(36,4,'2016-05-12 00:00:00',2,'EFT-6366554549060523992',1),
	(37,2,'2016-05-26 00:00:00',4,'EFT-3510509359769720085',701),
	(38,2,'2016-06-09 00:00:00',2,'EFT1543993174850997618',702),
	(39,2,'2016-06-09 00:00:00',2,'EFT1080230474149441308',703),
	(40,2,'2016-06-09 00:00:00',2,'EFT-4849210994895268728',704),
	(41,2,'2016-06-09 00:00:00',2,'EFT1613844092076599873',705),
	(42,2,'2016-06-21 00:00:00',2,'EFT-6931231890195408694',706),
	(43,2,'2016-07-01 00:00:00',2,'EFT-3941732199406762918',707),
	(44,2,'2016-07-01 00:00:00',2,'EFT2955098799672739516',708),
	(45,2,'2016-07-03 00:00:00',2,'EFT7279932228742204880',709),
	(46,2,'2016-07-03 00:00:00',2,'EFT8476344145369677',710),
	(47,2,'2016-07-08 00:00:00',2,'EFT-5094824977576441984',711),
	(48,2,'2016-07-10 00:00:00',2,'EFT-6328241504895885397',712),
	(49,2,'2016-07-17 00:00:00',2,'EFT1092949003510527015',713),
	(50,2,'2016-07-17 23:30:50',2,'EFT-646333847917798272',714),
	(51,2,'2016-07-21 21:15:04',2,'EFT-6973910451517417360',715),
	(52,2,'2016-07-21 21:19:13',2,'EFT-251810285360276365',716),
	(53,2,'2016-07-22 21:39:27',2,'EFT6238178363688977780',717),
	(54,2,'2016-07-22 21:40:54',2,'EFT-8046156104141346260',718),
	(55,2,'2016-07-25 11:07:09',2,'EFT865794579673810249',719),
	(56,2,'2016-07-25 11:53:38',2,'EFT364076442365462211',720),
	(57,2,'2016-07-25 11:59:02',2,'EFT4364272284482466939',721),
	(58,2,'2016-07-26 22:57:25',2,'EFT-6533132343506524652',722),
	(59,4,'2016-07-26 22:59:54',2,'EFT-7207352859913624786',2),
	(60,5,'2016-07-26 23:00:27',2,'EFT-1031822913846580875',1),
	(61,2,'2016-07-28 15:58:07',2,'EFT-291531221240358367',723),
	(62,2,'2016-07-28 15:58:48',2,'EFT1920406667522604976',724),
	(63,2,'2016-07-28 16:01:23',2,'EFT-3801216732118811708',725),
	(64,2,'2016-07-30 12:33:01',2,'EFT3219217404163670681',726),
	(65,2,'2016-08-01 19:52:26',2,'EFT-3846875365691938706',727),
	(66,2,'2016-08-01 21:05:43',2,'EFT-5989412475463316431',728),
	(67,5,'2016-08-15 20:20:09',2,'EFT-1726856522643506592',2),
	(68,2,'2016-08-15 20:37:10',2,'EFT3947202176185204543',729),
	(69,2,'2016-08-15 20:55:19',2,'EFT8529396636548661076',730),
	(70,2,'2016-08-18 19:30:20',2,'EFT-1085082907284359361',731),
	(71,2,'2016-08-18 19:36:02',2,'EFT9172183508721544554',732),
	(72,2,'2016-08-19 19:47:42',2,'EFT8147692940162215085',733),
	(73,2,'2016-08-25 20:23:18',2,'EFT370222252877618579',734),
	(74,2,'2016-08-26 17:55:31',2,'EFT-3062759659470587555',735),
	(75,2,'2017-02-12 17:31:56',2,'EFT-4598446180188355441',736);

/*!40000 ALTER TABLE `CARGAS_BODEGA` ENABLE KEYS */;
UNLOCK TABLES;


# Dump of table CARGAS_BODEGA_DETALLE
# ------------------------------------------------------------

DROP TABLE IF EXISTS `CARGAS_BODEGA_DETALLE`;

CREATE TABLE `CARGAS_BODEGA_DETALLE` (
  `id` int(11) unsigned NOT NULL AUTO_INCREMENT,
  `ID_CARGA` int(11) DEFAULT NULL,
  `ID_PRODUCTO` int(11) DEFAULT NULL,
  `UNIDADES_PRODUCTO` int(11) DEFAULT NULL,
  `UNITARIO` int(11) DEFAULT NULL,
  `PACKING_SELECCIONADO` int(11) DEFAULT NULL,
  PRIMARY KEY (`id`)
) ENGINE=InnoDB DEFAULT CHARSET=utf8;

LOCK TABLES `CARGAS_BODEGA_DETALLE` WRITE;
/*!40000 ALTER TABLE `CARGAS_BODEGA_DETALLE` DISABLE KEYS */;

INSERT INTO `CARGAS_BODEGA_DETALLE` (`id`, `ID_CARGA`, `ID_PRODUCTO`, `UNIDADES_PRODUCTO`, `UNITARIO`, `PACKING_SELECCIONADO`)
VALUES
	(1,1,8,36,3,12),
	(2,1,3,100,100,1),
	(3,2,3,100,100,1),
	(4,2,2,100,100,1),
	(5,3,3,100,100,1),
	(6,3,2,100,100,1),
	(7,4,3,100,100,1),
	(8,4,2,100,100,1),
	(9,5,2,100,100,1),
	(10,5,3,200,200,1),
	(11,6,7,1200,100,12),
	(12,7,7,12,1,12),
	(13,8,7,12,1,12),
	(14,9,7,12,1,12),
	(15,10,7,12,1,12),
	(16,10,7,12,1,12),
	(17,11,7,12,1,12),
	(18,11,7,12,1,12),
	(19,12,7,12,1,12),
	(20,13,2,1,1,1),
	(21,13,3,1,1,1),
	(22,13,7,12,1,12),
	(23,13,8,12,1,12),
	(24,13,10,1,1,1),
	(25,13,10,12,1,12),
	(26,14,10,24,2,12),
	(27,15,8,24,2,12),
	(28,16,8,120,1,120),
	(29,16,2,100,100,1),
	(30,17,3,1000,1000,1),
	(31,18,3,10,10,1),
	(32,18,10,24,2,12),
	(33,19,10,12,1,12),
	(34,19,8,12,1,12),
	(35,20,2,1,1,1),
	(36,20,8,12,1,12),
	(37,21,8,24,2,12),
	(38,21,10,100,1,100),
	(39,22,2,2,2,1),
	(40,22,3,1,1,1),
	(41,22,8,200,2,100),
	(42,23,8,200,2,100),
	(43,23,10,12,1,12),
	(44,24,7,12,1,12),
	(45,25,7,24,2,12),
	(46,26,3,1,1,1),
	(47,27,3,12,12,1),
	(48,28,3,10,10,1),
	(49,29,2,2000,2000,1),
	(50,29,3,1500,1500,1),
	(51,29,8,12000,1000,12),
	(52,30,7,12,1,12),
	(53,31,7,12,1,12),
	(54,32,7,12,1,12),
	(55,33,3,1,1,1),
	(56,34,3,1,1,1),
	(58,36,3,1,1,1),
	(59,37,11,50,1,50),
	(60,37,11,5,5,1),
	(61,38,11,150,3,50),
	(62,39,11,3,3,1),
	(63,40,11,50,1,50),
	(64,41,11,100,2,50),
	(65,41,11,3,3,1),
	(66,42,11,50,1,50),
	(67,42,2,10,10,1),
	(68,42,3,12,1,12),
	(69,42,7,36,3,12),
	(70,42,10,12,1,12),
	(71,42,8,120,1,120),
	(72,43,11,100,100,1),
	(73,44,9,200,200,1),
	(74,45,8,12,1,12),
	(75,46,8,12,1,12),
	(76,47,12,100,100,1),
	(77,48,8,10,10,1),
	(78,49,2,10,10,1),
	(79,50,2,11,11,1),
	(80,51,3,1,1,1),
	(81,52,3,12,1,12),
	(82,53,3,1,1,1),
	(83,54,8,100,100,1),
	(84,55,2,1,1,1),
	(85,56,2,1,1,1),
	(86,57,3,12,1,12),
	(87,58,3,12,1,12),
	(88,59,3,1,1,1),
	(89,60,3,1000,1000,1),
	(90,61,2,1,1,1),
	(91,61,8,120,1,120),
	(92,61,11,1,1,1),
	(93,62,8,12,1,12),
	(94,63,3,1,1,1),
	(95,64,12,10,10,1),
	(96,65,3,1,1,1),
	(97,66,3,1,1,1),
	(98,66,2,1,1,1),
	(99,66,8,1,1,1),
	(100,66,11,1,1,1),
	(101,66,10,1,1,1),
	(102,66,12,1,1,1),
	(103,66,7,12,1,12),
	(104,66,2,1,1,1),
	(105,66,3,1,1,1),
	(106,66,8,1,1,1),
	(107,66,10,1,1,1),
	(108,66,11,1,1,1),
	(109,66,12,1,1,1),
	(110,66,7,12,1,12),
	(111,67,10,12,1,12),
	(112,68,3,12,1,12),
	(113,69,3,1,1,1),
	(114,70,3,12,1,12),
	(115,71,3,1,1,1),
	(116,72,9,1,1,1),
	(117,73,3,44,44,1),
	(118,74,3,1,1,1),
	(119,75,2,1,1,1);

/*!40000 ALTER TABLE `CARGAS_BODEGA_DETALLE` ENABLE KEYS */;
UNLOCK TABLES;


# Dump of table CLASIFICACION_CLIENTES
# ------------------------------------------------------------

DROP TABLE IF EXISTS `CLASIFICACION_CLIENTES`;

CREATE TABLE `CLASIFICACION_CLIENTES` (
  `id` int(11) unsigned NOT NULL AUTO_INCREMENT,
  `DESCRIPCION` varchar(300) DEFAULT NULL,
  PRIMARY KEY (`id`)
) ENGINE=InnoDB DEFAULT CHARSET=latin1;

LOCK TABLES `CLASIFICACION_CLIENTES` WRITE;
/*!40000 ALTER TABLE `CLASIFICACION_CLIENTES` DISABLE KEYS */;

INSERT INTO `CLASIFICACION_CLIENTES` (`id`, `DESCRIPCION`)
VALUES
	(1,'Interno'),
	(2,'Externo');

/*!40000 ALTER TABLE `CLASIFICACION_CLIENTES` ENABLE KEYS */;
UNLOCK TABLES;


# Dump of table CLASIFICACION_RUBROS
# ------------------------------------------------------------

DROP TABLE IF EXISTS `CLASIFICACION_RUBROS`;

CREATE TABLE `CLASIFICACION_RUBROS` (
  `id` int(11) unsigned NOT NULL AUTO_INCREMENT,
  `DESCRIPCION` varchar(300) DEFAULT NULL,
  PRIMARY KEY (`id`)
) ENGINE=InnoDB DEFAULT CHARSET=latin1;

LOCK TABLES `CLASIFICACION_RUBROS` WRITE;
/*!40000 ALTER TABLE `CLASIFICACION_RUBROS` DISABLE KEYS */;

INSERT INTO `CLASIFICACION_RUBROS` (`id`, `DESCRIPCION`)
VALUES
	(2,'REMUNERACION'),
	(4,'SERVICIOS GENERALES');

/*!40000 ALTER TABLE `CLASIFICACION_RUBROS` ENABLE KEYS */;
UNLOCK TABLES;


# Dump of table CLIENTES
# ------------------------------------------------------------

DROP TABLE IF EXISTS `CLIENTES`;

CREATE TABLE `CLIENTES` (
  `id` int(11) unsigned NOT NULL AUTO_INCREMENT,
  `NIT` varchar(100) NOT NULL DEFAULT '',
  `NOMBRES` varchar(255) DEFAULT NULL,
  `APELLIDOS` varchar(255) DEFAULT NULL,
  `DIRECCION` varchar(255) DEFAULT NULL,
  `TELEFONO` varchar(30) DEFAULT NULL,
  `CORREO` varchar(255) DEFAULT NULL,
  `TIPODECLIENTE` varchar(15) DEFAULT NULL,
  `ACEPTA_CREDITO` tinyint(1) DEFAULT NULL,
  PRIMARY KEY (`id`)
) ENGINE=InnoDB DEFAULT CHARSET=latin1;

LOCK TABLES `CLIENTES` WRITE;
/*!40000 ALTER TABLE `CLIENTES` DISABLE KEYS */;

INSERT INTO `CLIENTES` (`id`, `NIT`, `NOMBRES`, `APELLIDOS`, `DIRECCION`, `TELEFONO`, `CORREO`, `TIPODECLIENTE`, `ACEPTA_CREDITO`)
VALUES
	(0,'CF','Consumidor','Final','-','-','-','interno',0),
	(1,'1721142-5','Jose Alejandro','Urizar','#31 Villa Santorini, Km 25.5 CES','59935020','jalejandro.urizar@gmail.com','interno',1),
	(2,'246629-0','Ingrid Lucia','Bautista Chang','#31 Villa Santorini, Km 25.5 CES','46582326','dgingrid.bau@gmail.com','externo',1),
	(4,'25074814','Dennis','Cornejo','null','-','-','interno',0),
	(5,'88776','Alejandra','Figueroa','null','98876','','interno',0),
	(6,'1721142-5','FDASFAS','FADSFAS','null','32323','FASDFA@FDASFD.COM','interno',0),
	(7,'13231','Nuevo ','Client','null','46582326','','interno',0),
	(8,'556633','Juan','Perez','#31 Villa Santorini, Km 25.5 CES','-','-','interno',1),
	(9,'1721142-5','fasdf','fdsa','fdas','4132','fdsa@fdas.com','interno',1),
	(10,'1721142-5','fasdf','fd','a','fa','','interno',0),
	(11,'1721142-5','','','','','','interno',0),
	(12,'1721142-52','Alejandro','Urizar','Km 25.5','59935020','jalejandro.urizar@gmail.com','interno',1),
	(13,'882121','fdas','fafa','fad','fa4','fa@rfdsa.com','interno',0),
	(14,'312341241','Luis','Lopez','2da calle 2-34 zoan 5','54665254','luis@gmail.com','interno',0),
	(15,'7865123','Nada','De Nada','Ciudad','896756','jalejandro.urizar@gmail.com','interno',0),
	(16,'663764','uno','nuevo','fdas','567','jalejandro.urizar@gmail.com','interno',0),
	(17,'45678987654','FDASF','FDASF','FDASF','342324','FASD@FDA.COM','interno',0),
	(18,'45654','dfaf','fdas','fda','fdas','fdas@fda.com','interno',0);

/*!40000 ALTER TABLE `CLIENTES` ENABLE KEYS */;
UNLOCK TABLES;


# Dump of table CLIENTES_CREDITOS
# ------------------------------------------------------------

DROP TABLE IF EXISTS `CLIENTES_CREDITOS`;

CREATE TABLE `CLIENTES_CREDITOS` (
  `id` int(11) unsigned NOT NULL AUTO_INCREMENT,
  `ID_CLIENTE` int(11) DEFAULT NULL,
  `ID_ORDEN` int(11) DEFAULT NULL,
  `FECHA_CREDITO` date DEFAULT NULL,
  `MONTO` double(15,2) DEFAULT NULL,
  `ID_USUARIO` int(11) DEFAULT NULL,
  PRIMARY KEY (`id`)
) ENGINE=InnoDB DEFAULT CHARSET=latin1;

LOCK TABLES `CLIENTES_CREDITOS` WRITE;
/*!40000 ALTER TABLE `CLIENTES_CREDITOS` DISABLE KEYS */;

INSERT INTO `CLIENTES_CREDITOS` (`id`, `ID_CLIENTE`, `ID_ORDEN`, `FECHA_CREDITO`, `MONTO`, `ID_USUARIO`)
VALUES
	(1,1,49,'2016-01-07',16.75,2),
	(2,2,60,'2016-02-12',18.00,2),
	(3,8,90,'2016-03-10',168.50,2),
	(4,8,91,'2016-03-10',337.00,2),
	(5,1,107,'2016-05-27',168.50,2),
	(6,2,118,'2016-05-31',1515.00,4),
	(7,1,129,'2016-07-05',857.50,2),
	(8,1,130,'2016-07-05',667.00,2),
	(9,1,144,'2016-08-11',2240.00,2);

/*!40000 ALTER TABLE `CLIENTES_CREDITOS` ENABLE KEYS */;
UNLOCK TABLES;


# Dump of table CLIENTES_CREDITOS_PAGOS
# ------------------------------------------------------------

DROP TABLE IF EXISTS `CLIENTES_CREDITOS_PAGOS`;

CREATE TABLE `CLIENTES_CREDITOS_PAGOS` (
  `id` int(11) unsigned NOT NULL AUTO_INCREMENT,
  `ID_CREDITO` int(11) DEFAULT NULL,
  `FECHA` timestamp NULL DEFAULT NULL,
  `MONTO` double(15,2) DEFAULT NULL,
  `TIPO_PAGO` varchar(10) DEFAULT NULL,
  `NO_AUTORIZACION` varchar(255) DEFAULT NULL,
  `NO_CHEQUE` varchar(255) DEFAULT NULL,
  `ID_BANCO` int(11) DEFAULT NULL,
  `TIPO_TARJETA` varchar(255) DEFAULT NULL,
  `NO_TARJETA` varchar(255) DEFAULT NULL,
  `ID_USUARIO` int(11) DEFAULT NULL,
  PRIMARY KEY (`id`)
) ENGINE=InnoDB DEFAULT CHARSET=latin1;

LOCK TABLES `CLIENTES_CREDITOS_PAGOS` WRITE;
/*!40000 ALTER TABLE `CLIENTES_CREDITOS_PAGOS` DISABLE KEYS */;

INSERT INTO `CLIENTES_CREDITOS_PAGOS` (`id`, `ID_CREDITO`, `FECHA`, `MONTO`, `TIPO_PAGO`, `NO_AUTORIZACION`, `NO_CHEQUE`, `ID_BANCO`, `TIPO_TARJETA`, `NO_TARJETA`, `ID_USUARIO`)
VALUES
	(16,1,'2016-07-03 22:38:33',5.00,'efectivo',NULL,NULL,0,NULL,NULL,-1),
	(17,1,'2016-07-04 21:09:29',11.75,'tarjeta','554433',NULL,1,'334411','123456',-1),
	(18,5,'2016-07-04 21:09:29',138.25,'tarjeta','554433',NULL,1,'334411','123456',-1),
	(19,5,'2016-07-04 21:10:48',15.00,'efectivo',NULL,NULL,0,NULL,NULL,-1),
	(20,5,'2016-07-04 21:11:29',15.25,'efectivo',NULL,NULL,0,NULL,NULL,-1),
	(21,2,'2016-07-04 21:36:49',18.00,'efectivo',NULL,NULL,0,NULL,NULL,-1),
	(22,6,'2016-07-04 21:36:49',982.00,'efectivo',NULL,NULL,0,NULL,NULL,-1),
	(23,6,'2016-07-04 21:38:58',500.00,'tarjeta','234567890',NULL,1,'VISA','887756776',-1),
	(24,7,'2016-07-05 14:26:08',7.50,'efectivo',NULL,NULL,0,NULL,NULL,-1),
	(25,7,'2016-07-05 14:31:11',850.00,'cheque',NULL,'000000001',4,NULL,NULL,-1),
	(26,8,'2016-07-05 14:31:12',167.00,'cheque',NULL,'000000001',4,NULL,NULL,-1),
	(27,9,'2016-08-11 19:57:25',2000.00,'efectivo',NULL,NULL,0,NULL,NULL,-1),
	(28,8,'2016-08-11 20:30:09',500.00,'cheque',NULL,'001',4,NULL,NULL,-1),
	(29,9,'2016-08-11 20:30:09',0.00,'cheque',NULL,'001',4,NULL,NULL,-1);

/*!40000 ALTER TABLE `CLIENTES_CREDITOS_PAGOS` ENABLE KEYS */;
UNLOCK TABLES;


# Dump of table COMPRAS
# ------------------------------------------------------------

DROP TABLE IF EXISTS `COMPRAS`;

CREATE TABLE `COMPRAS` (
  `id` int(11) unsigned NOT NULL AUTO_INCREMENT,
  `FECHA` timestamp NULL DEFAULT NULL,
  `ID_PROVEEDOR` int(11) DEFAULT NULL,
  `ID_ORDEN_DE_COMPRA` int(11) DEFAULT NULL,
  `TIPO_DE_PAGO` varchar(300) DEFAULT NULL,
  `FORMA_DE_INGRESO` int(11) DEFAULT NULL,
  `SUBTOTAL` double(15,2) DEFAULT NULL,
  `DESCUENTO` double(15,2) DEFAULT NULL,
  `TOTAL` double(15,2) DEFAULT NULL,
  `GASTOS` double(15,2) DEFAULT NULL,
  `TOTAL_CON_GASTOS` double(15,2) DEFAULT NULL,
  `ESTADO` int(11) DEFAULT NULL,
  `TRANSID` varchar(300) DEFAULT NULL,
  `CHEQUE_REF` varchar(300) DEFAULT NULL,
  `NUMERO_DE_COMPRA` varchar(300) DEFAULT NULL,
  PRIMARY KEY (`id`)
) ENGINE=InnoDB DEFAULT CHARSET=latin1;

LOCK TABLES `COMPRAS` WRITE;
/*!40000 ALTER TABLE `COMPRAS` DISABLE KEYS */;

INSERT INTO `COMPRAS` (`id`, `FECHA`, `ID_PROVEEDOR`, `ID_ORDEN_DE_COMPRA`, `TIPO_DE_PAGO`, `FORMA_DE_INGRESO`, `SUBTOTAL`, `DESCUENTO`, `TOTAL`, `GASTOS`, `TOTAL_CON_GASTOS`, `ESTADO`, `TRANSID`, `CHEQUE_REF`, `NUMERO_DE_COMPRA`)
VALUES
	(1,'2016-02-09 22:21:00',1,1,'1',1,200.00,10.00,190.00,10.00,180.00,1,NULL,NULL,NULL),
	(2,'2016-02-11 00:00:00',2,0,'0',0,10.00,10.00,10.00,0.00,10.00,1,NULL,NULL,NULL),
	(3,'2016-03-22 22:41:26',2,18,'0',0,0.00,0.00,0.00,0.00,0.00,0,NULL,NULL,NULL),
	(4,'2016-03-30 22:24:42',1,20,'0',0,0.00,0.00,0.00,0.00,0.00,0,NULL,NULL,NULL),
	(5,'2016-03-30 22:47:23',1,21,'0',0,0.00,0.00,0.00,0.00,0.00,0,NULL,NULL,NULL),
	(6,'2016-03-30 22:58:30',1,23,'0',0,0.00,0.00,0.00,0.00,0.00,0,'EFT3564634956306092149',NULL,NULL),
	(7,'2016-04-01 22:00:54',2,25,'0',0,0.00,0.00,0.00,0.00,0.00,0,'EFT1284548181166653546',NULL,NULL),
	(8,'2016-04-04 22:41:07',2,28,'0',0,0.00,0.00,0.00,0.00,0.00,0,'EFT-6965252521072942744',NULL,NULL),
	(9,'2016-04-04 23:07:48',1,29,'0',0,0.00,0.00,0.00,0.00,0.00,0,'EFT-7886189175371147072',NULL,NULL),
	(10,'2016-04-09 20:31:19',2,32,'0',0,264.00,0.00,264.00,0.00,264.00,0,'EFT-3247902461985153732',NULL,NULL),
	(11,'2016-06-09 15:48:07',3,38,'0',0,675.00,0.00,675.00,0.00,675.00,0,'EFT1583652793526253171',NULL,NULL),
	(12,'2016-06-09 15:50:00',3,39,'0',0,39.60,0.00,39.60,0.00,39.60,0,'EFT1437167012161970213',NULL,NULL),
	(13,'2016-06-09 15:51:23',3,40,'0',0,125.00,0.00,125.00,0.00,125.00,0,'EFT-4860778381707024920',NULL,NULL),
	(14,'2016-06-09 15:54:09',3,41,'0',0,412.00,0.00,412.00,0.00,412.00,0,'EFT1625411483183323361',NULL,NULL),
	(15,'2016-07-01 16:54:10',1,43,'0',0,1050.00,0.00,1050.00,0.00,1050.00,0,'EFT-3954952069435203239','0',NULL),
	(16,'2016-07-01 17:10:51',1,44,'0',0,240.00,40.00,200.00,0.00,240.00,0,'EFT1628154192559832444','',NULL),
	(17,'2016-07-10 17:25:07',1,48,'0',0,15.00,0.00,15.00,0.00,15.00,0,'EFT-6391035897194653334','1234','AL1'),
	(18,'2016-07-22 21:39:27',1,53,'0',0,20.00,1.00,19.00,0.00,20.00,0,'EFT6224958493660537460','321FE','100'),
	(19,'2016-07-22 21:40:54',1,54,'0',0,1000.00,1.00,999.00,0.00,1000.00,0,'EFT-8117212916818502134','3333','101'),
	(20,'2016-07-25 11:07:09',3,55,'0',0,12.00,0.00,12.00,0.00,12.00,0,'EFT855879676078738185','',''),
	(21,'2016-07-25 11:53:38',3,56,'0',0,1.00,0.00,1.00,0.00,1.00,0,'EFT350856568042054595','',''),
	(22,'2016-07-25 11:59:03',3,57,'0',0,12.00,0.00,12.00,0.00,12.00,0,'EFT4352704897670710747','',''),
	(23,'2016-08-15 20:20:09',1,67,'0',0,240.00,0.00,240.00,0.00,240.00,0,'EFT-1743381363400282464','','0004'),
	(24,'2016-08-15 20:37:10',1,68,'0',0,120.00,0.00,120.00,0.00,120.00,0,'EFT3988514273782176928','','123'),
	(25,'2016-08-15 20:55:19',1,69,'tarjeta',0,10.00,0.00,10.00,0.00,10.00,0,'EFT8517829249736904883','',''),
	(26,'2016-08-18 19:30:20',1,70,'efectivo',0,126.00,1.00,125.00,0.00,126.00,0,'EFT-1093345331957714593','12345','777'),
	(27,'2016-08-18 19:36:02',1,71,'efectivo',0,1.00,0.00,1.00,0.00,1.00,0,'EFT9154006184748084554','',''),
	(28,'2016-08-19 19:47:42',3,72,'efectivo',0,12.00,2.00,10.00,0.00,12.00,0,'EFT8137778036567143021','33','33221'),
	(29,'2017-02-12 17:31:56',1,75,'efectivo',0,2.50,0.00,2.50,0.00,2.50,0,'EFT-4613318533433479889','','');

/*!40000 ALTER TABLE `COMPRAS` ENABLE KEYS */;
UNLOCK TABLES;


# Dump of table COMPRAS_DETALLE
# ------------------------------------------------------------

DROP TABLE IF EXISTS `COMPRAS_DETALLE`;

CREATE TABLE `COMPRAS_DETALLE` (
  `id` int(11) unsigned NOT NULL AUTO_INCREMENT,
  `ID_COMPRA` int(11) DEFAULT NULL,
  `ID_BODEGA` int(11) DEFAULT NULL,
  `ID_PRODUCTO` int(11) DEFAULT NULL,
  `DESCRIPCION` varchar(300) DEFAULT NULL,
  `PAQUETES` int(11) DEFAULT NULL,
  `U_C` int(11) DEFAULT NULL,
  `UNIDADES` int(11) DEFAULT NULL,
  `COSTO` double(15,2) DEFAULT NULL,
  `DESCUENTO` double(15,2) DEFAULT NULL,
  `SUBTOTAL` double(15,2) DEFAULT NULL,
  PRIMARY KEY (`id`)
) ENGINE=InnoDB DEFAULT CHARSET=latin1;

LOCK TABLES `COMPRAS_DETALLE` WRITE;
/*!40000 ALTER TABLE `COMPRAS_DETALLE` DISABLE KEYS */;

INSERT INTO `COMPRAS_DETALLE` (`id`, `ID_COMPRA`, `ID_BODEGA`, `ID_PRODUCTO`, `DESCRIPCION`, `PAQUETES`, `U_C`, `UNIDADES`, `COSTO`, `DESCUENTO`, `SUBTOTAL`)
VALUES
	(1,21,2,8,NULL,NULL,NULL,2,5.50,NULL,5.50),
	(2,21,2,10,NULL,NULL,NULL,1,2.50,NULL,2.50),
	(3,-1,2,2,NULL,NULL,NULL,2,12.00,NULL,24.00),
	(4,-1,2,3,NULL,NULL,NULL,1,11.00,NULL,11.00),
	(5,-1,2,8,NULL,NULL,NULL,200,10.00,NULL,2000.00),
	(6,6,2,8,NULL,NULL,NULL,200,10.00,NULL,2000.00),
	(7,6,2,10,NULL,NULL,NULL,12,22.00,NULL,264.00),
	(8,7,2,7,NULL,NULL,NULL,24,3.00,NULL,72.00),
	(9,-1,2,3,NULL,NULL,NULL,1,23.00,NULL,23.00),
	(10,-1,2,3,NULL,NULL,NULL,12,10.00,NULL,120.00),
	(11,8,2,3,NULL,NULL,NULL,10,12.00,NULL,120.00),
	(12,9,2,2,NULL,NULL,NULL,2000,3.50,NULL,7000.00),
	(13,9,2,3,NULL,NULL,NULL,1500,3.00,NULL,4500.00),
	(14,9,2,8,NULL,NULL,NULL,12000,0.30,NULL,3600.00),
	(15,-1,2,7,NULL,NULL,NULL,12,12.00,NULL,144.00),
	(16,-1,2,7,NULL,NULL,NULL,12,22.00,NULL,264.00),
	(17,10,2,7,NULL,NULL,NULL,12,22.00,NULL,264.00),
	(18,11,2,11,NULL,NULL,NULL,150,4.50,NULL,675.00),
	(19,12,2,11,NULL,NULL,NULL,6,6.60,NULL,39.60),
	(20,13,2,11,NULL,NULL,NULL,50,2.50,NULL,125.00),
	(21,14,2,11,NULL,NULL,NULL,100,4.00,NULL,400.00),
	(22,14,2,11,NULL,NULL,NULL,3,4.00,NULL,12.00),
	(23,15,2,11,NULL,NULL,NULL,100,10.50,NULL,1050.00),
	(24,16,2,9,NULL,NULL,NULL,200,1.20,NULL,240.00),
	(25,17,2,8,NULL,NULL,NULL,10,1.50,NULL,15.00),
	(26,18,2,3,NULL,NULL,NULL,1,20.00,NULL,20.00),
	(27,19,2,8,NULL,NULL,NULL,100,10.00,NULL,1000.00),
	(28,20,2,2,NULL,NULL,NULL,1,12.00,NULL,12.00),
	(29,21,2,2,NULL,NULL,NULL,1,1.00,NULL,1.00),
	(30,22,2,3,NULL,NULL,NULL,12,1.00,NULL,12.00),
	(31,23,5,10,NULL,NULL,NULL,12,20.00,NULL,240.00),
	(32,24,2,3,NULL,NULL,NULL,12,10.00,NULL,120.00),
	(33,25,2,3,NULL,NULL,NULL,1,10.00,NULL,10.00),
	(34,26,2,3,NULL,NULL,NULL,12,10.50,NULL,126.00),
	(35,27,2,3,NULL,NULL,NULL,1,1.00,NULL,1.00),
	(36,28,2,9,NULL,NULL,NULL,1,12.00,NULL,12.00),
	(37,29,2,2,NULL,NULL,NULL,1,2.50,NULL,2.50);

/*!40000 ALTER TABLE `COMPRAS_DETALLE` ENABLE KEYS */;
UNLOCK TABLES;


# Dump of table CORRELATIVOS
# ------------------------------------------------------------

DROP TABLE IF EXISTS `CORRELATIVOS`;

CREATE TABLE `CORRELATIVOS` (
  `id` int(11) unsigned NOT NULL AUTO_INCREMENT,
  `DESCRIPCION` varchar(300) DEFAULT NULL,
  `CORRELATIVO` int(11) DEFAULT NULL,
  PRIMARY KEY (`id`)
) ENGINE=InnoDB DEFAULT CHARSET=latin1;

LOCK TABLES `CORRELATIVOS` WRITE;
/*!40000 ALTER TABLE `CORRELATIVOS` DISABLE KEYS */;

INSERT INTO `CORRELATIVOS` (`id`, `DESCRIPCION`, `CORRELATIVO`)
VALUES
	(1,'CORRELATIVO_BODEGA_1',0),
	(2,'CARGA_BODEGA_2',736),
	(3,'CARGA_BODEGA_4',2),
	(4,'CIERRE_CAJA_5',2),
	(5,'CIERRE_CAJA_3',1),
	(6,'CIERRE_CAJA_1',7),
	(7,'GENERACION_INVENTARIO_2',69),
	(8,'GENERACION_INVENTARIO_ADJ_2',5),
	(9,'GENERACION_INVENTARIO_12',1),
	(10,'CARGA_BODEGA_5',2),
	(11,'TRASLADO_2_4',8),
	(12,'TRASLADO_2_2',24),
	(13,'SALIDAS_BODEGA_2',9),
	(14,'TRASLADO_2_5',2),
	(15,'TRASLADO_5_2',2),
	(16,'TRASLADO_5_4',1),
	(17,'SALIDAS_BODEGA_4',1);

/*!40000 ALTER TABLE `CORRELATIVOS` ENABLE KEYS */;
UNLOCK TABLES;


# Dump of table CUPONES_DE_DESCUENTO
# ------------------------------------------------------------

DROP TABLE IF EXISTS `CUPONES_DE_DESCUENTO`;

CREATE TABLE `CUPONES_DE_DESCUENTO` (
  `id` int(11) unsigned NOT NULL AUTO_INCREMENT,
  `MONTO` double(15,2) DEFAULT NULL,
  `DESCRIPCION` varchar(300) DEFAULT NULL,
  `ID_USUARIO` int(11) DEFAULT NULL,
  `FECHA_CREACION` date DEFAULT NULL,
  `ESTADO` varchar(1) DEFAULT NULL,
  `ID_CLIENTE` int(11) DEFAULT NULL,
  `ID_ORDEN` int(11) DEFAULT NULL,
  `ID_MOTIVO` int(11) DEFAULT NULL,
  PRIMARY KEY (`id`)
) ENGINE=InnoDB DEFAULT CHARSET=latin1;

LOCK TABLES `CUPONES_DE_DESCUENTO` WRITE;
/*!40000 ALTER TABLE `CUPONES_DE_DESCUENTO` DISABLE KEYS */;

INSERT INTO `CUPONES_DE_DESCUENTO` (`id`, `MONTO`, `DESCRIPCION`, `ID_USUARIO`, `FECHA_CREACION`, `ESTADO`, `ID_CLIENTE`, `ID_ORDEN`, `ID_MOTIVO`)
VALUES
	(1,300.00,'La descripcion',1,'2016-06-04','U',12,0,1),
	(2,550.00,'Devolucion de ametalladora defectuoa',1,'2016-06-07','C',12,0,2),
	(3,200.00,'FADSFA',2,'2016-06-16','U',12,0,2),
	(4,50.00,'Devolvio el producto',2,'2016-06-20','U',12,0,1),
	(5,40.00,'Devolucion ( Q40.00 )',2,'2016-06-20','U',1,121,2),
	(6,45.00,'Devuleto ( Q 45.00 )',2,'2016-06-20','U',1,124,1),
	(7,100.00,'Descuento por Q 100.00',2,'2016-06-21','C',1,0,3),
	(8,25.00,'Descuento por Q 25.00',2,'2016-06-21','U',1,128,1),
	(9,100.00,'Descuento de 100 ',2,'2016-07-07','C',12,0,3),
	(10,10.00,'Descripcion de prueba',2,'2016-07-17','U',2,139,1),
	(11,10.00,'Probando',2,'2016-07-17','U',2,140,3),
	(12,10.00,'Pedido',2,'2016-07-17','U',3,141,1),
	(13,10.00,'fasdfasf',-1,'2016-07-21','C',2,0,1),
	(14,3400.70,'testing',2,'2017-01-14','C',3,0,1);

/*!40000 ALTER TABLE `CUPONES_DE_DESCUENTO` ENABLE KEYS */;
UNLOCK TABLES;


# Dump of table EMPLEADOS
# ------------------------------------------------------------

DROP TABLE IF EXISTS `EMPLEADOS`;

CREATE TABLE `EMPLEADOS` (
  `id` int(11) unsigned NOT NULL AUTO_INCREMENT,
  `NOMBRES` varchar(300) DEFAULT NULL,
  `APELLIDOS` varchar(300) DEFAULT NULL,
  `DIRECCION` varchar(300) DEFAULT NULL,
  `TELEFONO` varchar(100) DEFAULT NULL,
  `NUMERO_CEDULA` varchar(300) DEFAULT NULL,
  `NIT` varchar(20) DEFAULT NULL,
  `ESTADO_CIVIL` varchar(1) DEFAULT NULL,
  `SEXO` varchar(1) DEFAULT NULL,
  `FECHA_DE_NACIMIENTO` date DEFAULT NULL,
  `HIJOS` int(11) DEFAULT NULL,
  `MUNICIPIO` int(11) DEFAULT NULL,
  `PUESTO` int(11) DEFAULT NULL,
  `TIPO_DE_PAGO` int(11) DEFAULT NULL,
  `NUMERO_CUENTA` varchar(300) DEFAULT NULL,
  `SUELDO_BASE` double(15,2) DEFAULT NULL,
  `BONIFICACION` double(15,2) DEFAULT NULL,
  `FECHA_DE_INGRESO` date DEFAULT NULL,
  `FECHA_DE_EGRESO` date DEFAULT NULL,
  `PORCENTAJE_AHORRO` double(15,2) DEFAULT NULL,
  `CANTIDAD_DE_AHORRO` double(15,2) DEFAULT NULL,
  `AHORRO` double(15,2) DEFAULT NULL,
  `PAGA_IGSS` tinyint(1) DEFAULT NULL,
  `AFILIACION_IGSS` varchar(300) DEFAULT NULL,
  `ESTADO` tinyint(1) DEFAULT NULL,
  `BANCO` int(11) DEFAULT NULL,
  `DESCUENTO_FIJO` double(15,2) DEFAULT NULL,
  `ES_TEMPORAL` tinyint(1) DEFAULT NULL,
  `ES_IMPRIMIBLE` tinyint(1) DEFAULT NULL,
  `INCENTIVO` double(15,2) DEFAULT NULL,
  PRIMARY KEY (`id`)
) ENGINE=InnoDB DEFAULT CHARSET=latin1;

LOCK TABLES `EMPLEADOS` WRITE;
/*!40000 ALTER TABLE `EMPLEADOS` DISABLE KEYS */;

INSERT INTO `EMPLEADOS` (`id`, `NOMBRES`, `APELLIDOS`, `DIRECCION`, `TELEFONO`, `NUMERO_CEDULA`, `NIT`, `ESTADO_CIVIL`, `SEXO`, `FECHA_DE_NACIMIENTO`, `HIJOS`, `MUNICIPIO`, `PUESTO`, `TIPO_DE_PAGO`, `NUMERO_CUENTA`, `SUELDO_BASE`, `BONIFICACION`, `FECHA_DE_INGRESO`, `FECHA_DE_EGRESO`, `PORCENTAJE_AHORRO`, `CANTIDAD_DE_AHORRO`, `AHORRO`, `PAGA_IGSS`, `AFILIACION_IGSS`, `ESTADO`, `BANCO`, `DESCUENTO_FIJO`, `ES_TEMPORAL`, `ES_IMPRIMIBLE`, `INCENTIVO`)
VALUES
	(1,'Jose Alejandro','Urizar','km 25.5 CES','45323212','A1 1033553','17211425','C','M','1980-06-30',0,2,1,2,'4343453453422',3250.00,250.00,'1980-06-27','2015-11-30',0.00,0.00,0.00,1,'4342342343',1,10,0.00,0,1,0.00),
	(2,'Ingrid Lucia','Bautista Chang','CES','232323','345323','424332','C','F','1981-09-05',0,3,2,3,'9988776655',3000.00,200.00,'2014-12-01','2014-12-01',0.00,200.00,0.00,1,'423414132',1,5,100.00,0,1,0.00),
	(3,'Maria Eugenia','Chang Bran','Zona 1','89878565','67878966577','1313242','C','F','1950-02-11',2,2,1,1,'-',5000.00,500.00,'2013-12-31','2018-12-31',0.00,0.00,0.00,1,'778766554',1,16,0.00,0,1,0.00),
	(4,'Maylin','Cartagena','Guatemala','878796767','676787676','6767766','S','F','1988-12-31',0,4,4,3,'87766577',2497.40,250.00,'2015-06-21','2016-08-31',0.00,0.00,0.00,1,'8766532',1,20,0.00,0,1,52.60),
	(5,'alejandro','urizar','km 25','89786756','A102001203','17214444','C','M','1980-06-27',0,4,4,3,'0141700000',100.00,100.00,'2016-12-31','2016-08-31',0.00,0.00,0.00,1,'0',1,20,0.00,0,1,100.00);

/*!40000 ALTER TABLE `EMPLEADOS` ENABLE KEYS */;
UNLOCK TABLES;


# Dump of table ESTADOS_LLAMADA
# ------------------------------------------------------------

DROP TABLE IF EXISTS `ESTADOS_LLAMADA`;

CREATE TABLE `ESTADOS_LLAMADA` (
  `id` int(11) unsigned NOT NULL AUTO_INCREMENT,
  `DESCRIPCION` varchar(300) DEFAULT NULL,
  PRIMARY KEY (`id`)
) ENGINE=InnoDB DEFAULT CHARSET=latin1;

LOCK TABLES `ESTADOS_LLAMADA` WRITE;
/*!40000 ALTER TABLE `ESTADOS_LLAMADA` DISABLE KEYS */;

INSERT INTO `ESTADOS_LLAMADA` (`id`, `DESCRIPCION`)
VALUES
	(1,'EN CURSO');

/*!40000 ALTER TABLE `ESTADOS_LLAMADA` ENABLE KEYS */;
UNLOCK TABLES;


# Dump of table FACTURAS
# ------------------------------------------------------------

DROP TABLE IF EXISTS `FACTURAS`;

CREATE TABLE `FACTURAS` (
  `id` int(11) unsigned NOT NULL AUTO_INCREMENT,
  `ORDEN` int(11) DEFAULT NULL,
  `FACTURA` varchar(300) DEFAULT NULL,
  `FECHA` date DEFAULT NULL,
  `SUBTOTAL` double(15,2) DEFAULT NULL,
  `TOTAL` double(15,2) DEFAULT NULL,
  `USUARIO` int(11) DEFAULT NULL,
  `NIT` varchar(300) DEFAULT NULL,
  `NOMBRE` varchar(300) DEFAULT NULL,
  `DIRECCION` varchar(300) DEFAULT NULL,
  `TRANSID` varchar(300) DEFAULT NULL,
  PRIMARY KEY (`id`)
) ENGINE=InnoDB DEFAULT CHARSET=latin1;

LOCK TABLES `FACTURAS` WRITE;
/*!40000 ALTER TABLE `FACTURAS` DISABLE KEYS */;

INSERT INTO `FACTURAS` (`id`, `ORDEN`, `FACTURA`, `FECHA`, `SUBTOTAL`, `TOTAL`, `USUARIO`, `NIT`, `NOMBRE`, `DIRECCION`, `TRANSID`)
VALUES
	(14,80,'321','2016-02-23',168.50,168.50,1,'CF','Consumidor Final','-','EFT-5486712131736157040'),
	(15,81,'554433','2016-02-23',674.00,674.00,1,'CF','Consumidor Final','-','EFT-4905761768395436160'),
	(16,82,'555','2016-02-23',505.50,505.50,2,'1721142-5','Jose Alejandro Urizar','#31 Villa Santorini, Km 25.5 CES','EFT6249698864618092317'),
	(17,83,'','2016-02-24',168.50,168.50,2,'246629-0','Ingrid Lucia Bautista Chang','-','EFT8726144380097304207'),
	(18,84,'','2016-02-24',168.50,168.50,2,'CF','Consumidor Final','-','EFT5558866261227695623'),
	(19,85,'4321','2016-02-28',168.50,168.50,2,'1721142-5','Jose Alejandro Urizar','#31 Villa Santorini, Km 25.5 CES','EFT-1188869234403986914'),
	(20,86,'6656','2016-02-28',337.00,337.00,2,'246629-0','Ingrid Lucia Bautista Chang','-','EFT4641606527179565781'),
	(21,87,'334','2016-02-28',505.50,505.50,2,'CF','Consumidor Final','-','EFT-1563578875853534457'),
	(22,88,'55443','2016-02-28',674.00,674.00,2,'88776','Alejandra Figueroa','-','EFT8434797536047599675'),
	(23,89,'34343','2016-02-28',168.50,168.50,2,'CF','Consumidor Final','-','EFT8261549988851856703'),
	(24,3,'1','0000-00-00',100.00,100.00,2,'556633','Juan Perez','-','EFT-2358855197358272536'),
	(25,3,'','0000-00-00',60.00,60.00,2,'556633','Juan Perez','-','EFT-5660978830461767263'),
	(26,4,'','0000-00-00',50.00,50.00,2,'556633','Juan Perez','-','EFT2338681808084814364'),
	(27,4,'','0000-00-00',50.00,50.00,2,'556633','Juan Perez','-','EFT7170610676644391725'),
	(28,92,'222','2016-03-14',168.50,168.50,3,'CF','Consumidor Final','-','EFT288968823907729675'),
	(29,93,'33','2016-03-14',168.50,168.50,2,'CF','Consumidor Final','-','EFT3133699862458654516'),
	(30,94,'123','2016-03-20',168.50,168.50,2,'CF','Consumidor Final','-','EFT-720542834108252316'),
	(31,95,'4444','2016-03-20',168.50,168.50,2,'CF','Consumidor Final','-','EFT-7238473104536908514'),
	(32,96,'00012','2016-04-01',168.50,168.50,2,'CF','Consumidor Final','#31 Villa Santorini, Km 25.5 CES','EFT2263060752749093229'),
	(33,5,'12','0000-00-00',5.00,5.00,-1,'1721142-5','Jose Alejandro Urizar','#31 Villa Santorini, Km 25.5 CES','EFT5415987410558014788'),
	(34,5,'3231','0000-00-00',20.00,20.00,-1,'1721142-5','Jose Alejandro Urizar','#31 Villa Santorini, Km 25.5 CES','EFT-2299456734182032825'),
	(35,5,'1','0000-00-00',1.00,1.00,-1,'1721142-5','Jose Alejandro Urizar','#31 Villa Santorini, Km 25.5 CES','EFT-8985007929126095752'),
	(36,114,'400','2016-05-31',3022.00,3022.00,4,'1721142-5','Jose Alejandro Urizar','#31 Villa Santorini, Km 25.5 CES','EFT-2882823621221188457'),
	(37,115,'1','2016-05-31',2501.00,2501.00,4,'1721142-5','Jose Alejandro Urizar','#31 Villa Santorini, Km 25.5 CES','EFT3675525562684244514'),
	(38,116,'200','2016-05-31',2001.00,2001.00,4,'246629-0','Ingrid Lucia Bautista Chang','#31 Villa Santorini, Km 25.5 CES','EFT-3920160385653008148'),
	(39,117,'12','2016-05-31',16675.00,16675.00,4,'CF','Consumidor Final','#31 Villa Santorini, Km 25.5 CES','EFT5743763164137554728'),
	(40,117,'12','2016-05-31',16675.00,16675.00,4,'CF','Consumidor Final','#31 Villa Santorini, Km 25.5 CES','EFT5582414339676401391'),
	(41,117,'12','2016-05-31',16675.00,16675.00,4,'CF','Consumidor Final','#31 Villa Santorini, Km 25.5 CES','EFT5582414339676401391'),
	(42,5,'','0000-00-00',1.00,1.00,-1,'1721142-5','Jose Alejandro Urizar','#31 Villa Santorini, Km 25.5 CES','EFT5895987027931871758'),
	(43,5,'','0000-00-00',100.00,100.00,-1,'1721142-5','Jose Alejandro Urizar','#31 Villa Santorini, Km 25.5 CES','EFT3560632314461762392'),
	(44,1,'','0000-00-00',10.00,10.00,-1,'1721142-5','Jose Alejandro Urizar','#31 Villa Santorini, Km 25.5 CES','EFT5141796180747673079'),
	(45,5,'','0000-00-00',10.00,10.00,-1,'1721142-5','Jose Alejandro Urizar','#31 Villa Santorini, Km 25.5 CES','EFT-4343468716784731463'),
	(46,120,'1','2016-06-20',300.00,300.00,2,'1721142-52','Alejandro Urizar','Km 25.5','EFT4409793594897806524'),
	(47,122,'','2016-06-20',1822.00,1822.00,2,'1721142-52','Alejandro Urizar','Km 25.5','EFT-8248844702843448258'),
	(48,123,'','2016-06-20',378.75,378.75,2,'1721142-52','Alejandro Urizar','Km 25.5','EFT-5967488362210450121'),
	(49,121,'','2016-06-20',128.50,128.50,2,'1721142-5','Jose Alejandro Urizar','#31 Villa Santorini, Km 25.5 CES','EFT7158572371146379790'),
	(50,124,'','2016-06-20',330.00,330.00,2,'1721142-5','Jose Alejandro Urizar','#31 Villa Santorini, Km 25.5 CES','EFT1199715271853363515'),
	(51,125,'','2016-06-20',675.00,675.00,2,'1721142-5','Jose Alejandro Urizar','#31 Villa Santorini, Km 25.5 CES','EFT-5532389051718009409'),
	(52,126,'','2016-06-20',500.00,500.00,2,'1721142-5','Jose Alejandro Urizar','#31 Villa Santorini, Km 25.5 CES','EFT2280456150101639648'),
	(53,128,'1','2016-06-21',1997.00,1997.00,2,'1721142-5','Jose Alejandro Urizar','#31 Villa Santorini, Km 25.5 CES','EFT1866096237710597705'),
	(54,127,'','2016-06-21',9.00,9.00,2,'1721142-5','fasdf fdsa','fdas','EFT-3549291093674298218'),
	(55,5,'1','0000-00-00',10.00,10.00,-1,'1721142-5','Jose Alejandro Urizar','#31 Villa Santorini, Km 25.5 CES','EFT1362357917757487383'),
	(56,1,'','0000-00-00',5.00,5.00,-1,'1721142-5','Jose Alejandro Urizar','#31 Villa Santorini, Km 25.5 CES','EFT-845325838215931831'),
	(57,1,'','0000-00-00',11.75,11.75,-1,'1721142-5','Jose Alejandro Urizar','#31 Villa Santorini, Km 25.5 CES','EFT-2145179242705630666'),
	(58,5,'','0000-00-00',138.25,138.25,-1,'1721142-5','Jose Alejandro Urizar','#31 Villa Santorini, Km 25.5 CES','EFT-2196406248192642412'),
	(59,5,'','0000-00-00',15.00,15.00,-1,'1721142-5','Jose Alejandro Urizar','#31 Villa Santorini, Km 25.5 CES','EFT3350719081891897749'),
	(60,5,'','0000-00-00',15.25,15.25,-1,'1721142-5','Jose Alejandro Urizar','#31 Villa Santorini, Km 25.5 CES','EFT5086953175695058703'),
	(61,2,'','0000-00-00',18.00,18.00,-1,'246629-0','Ingrid Lucia Bautista Chang','#31 Villa Santorini, Km 25.5 CES','EFT2303930383720590337'),
	(62,6,'','0000-00-00',982.00,982.00,-1,'246629-0','Ingrid Lucia Bautista Chang','#31 Villa Santorini, Km 25.5 CES','EFT2254355865745230016'),
	(63,6,'','0000-00-00',500.00,500.00,-1,'246629-0','Ingrid Lucia Bautista Chang','#31 Villa Santorini, Km 25.5 CES','EFT-6792131038824941079'),
	(64,7,'','0000-00-00',7.50,7.50,-1,'1721142-5','Jose Alejandro Urizar','#31 Villa Santorini, Km 25.5 CES','EFT7689954802003065553'),
	(65,7,'','0000-00-00',850.00,850.00,-1,'1721142-5','Jose Alejandro Urizar','#31 Villa Santorini, Km 25.5 CES','EFT6064841347203855500'),
	(66,8,'','0000-00-00',167.00,167.00,-1,'1721142-5','Jose Alejandro Urizar','#31 Villa Santorini, Km 25.5 CES','EFT6086323637610683756'),
	(67,131,'','2016-07-05',1800.00,1800.00,2,'556633','Juan Perez','#31 Villa Santorini, Km 25.5 CES','EFT5399946936458301804'),
	(68,132,'','2016-07-05',168.50,168.50,2,'1721142-52','Alejandro Urizar','Km 25.5','EFT3369563642179049302'),
	(69,133,'','2016-07-12',276.00,276.00,2,'1721142-52','Alejandro Urizar','Km 25.5','EFT7384371473956319989'),
	(70,134,'','2016-07-12',16500.00,16500.00,2,'1721142-5','Jose Alejandro Urizar','#31 Villa Santorini, Km 25.5 CES','EFT3737068791274362855'),
	(71,135,'','2016-07-12',14374.50,14374.50,2,'1721142-5','Jose Alejandro Urizar','#31 Villa Santorini, Km 25.5 CES','EFT3458331650470936147'),
	(72,136,'','2016-07-12',143.00,143.00,2,'25074814','Dennis Cornejo','-','EFT-7264914048741526567'),
	(73,137,'','2016-07-12',10512.50,10512.50,2,'556633','Juan Perez','#31 Villa Santorini, Km 25.5 CES','EFT676742705052197337'),
	(74,138,'444','2016-07-17',500.00,500.00,2,'1721142-5','Jose Alejandro Urizar','#31 Villa Santorini, Km 25.5 CES','EFT-3498892632281061775'),
	(75,139,'','2016-07-17',1991.00,1991.00,2,'246629-0','Ingrid Lucia Bautista Chang','#31 Villa Santorini, Km 25.5 CES','EFT5481487854499675250'),
	(76,140,'','2016-07-17',170.25,170.25,2,'246629-0','Ingrid Lucia Bautista Chang','#31 Villa Santorini, Km 25.5 CES','EFT-1525387275268986470'),
	(77,141,'','2016-07-17',490.00,490.00,2,'CF','Consumidor Final','#31 Villa Santorini, Km 25.5 CES','EFT-2443437264199352573'),
	(78,142,'1212','2016-07-22',168.50,168.50,2,'1721142-5','fasdf fd','a','EFT3117965082848377797'),
	(79,143,'','2016-07-26',168.50,168.50,2,'1721142-52','Alejandro Urizar','Km 25.5','EFT3779903697573818025'),
	(80,9,'','0000-00-00',2000.00,2000.00,-1,'1721142-5','Jose Alejandro Urizar','#31 Villa Santorini, Km 25.5 CES','EFT6495571703583178460'),
	(81,8,'','0000-00-00',500.00,500.00,-1,'1721142-5','Jose Alejandro Urizar','#31 Villa Santorini, Km 25.5 CES','EFT-8552069405576624148'),
	(82,9,'','0000-00-00',0.00,0.00,-1,'1721142-5','Jose Alejandro Urizar','#31 Villa Santorini, Km 25.5 CES','EFT-8533892081603164148');

/*!40000 ALTER TABLE `FACTURAS` ENABLE KEYS */;
UNLOCK TABLES;


# Dump of table FACTURAS_DETALLE
# ------------------------------------------------------------

DROP TABLE IF EXISTS `FACTURAS_DETALLE`;

CREATE TABLE `FACTURAS_DETALLE` (
  `id` int(11) unsigned NOT NULL AUTO_INCREMENT,
  `ID_FACTURA` int(11) DEFAULT NULL,
  `CANTIDAD` int(11) DEFAULT NULL,
  `DESCRIPCION` varchar(300) DEFAULT NULL,
  `SUBTOTAL` double(15,2) DEFAULT NULL,
  `TOTAL` double(15,2) DEFAULT NULL,
  PRIMARY KEY (`id`)
) ENGINE=InnoDB DEFAULT CHARSET=latin1;

LOCK TABLES `FACTURAS_DETALLE` WRITE;
/*!40000 ALTER TABLE `FACTURAS_DETALLE` DISABLE KEYS */;

INSERT INTO `FACTURAS_DETALLE` (`id`, `ID_FACTURA`, `CANTIDAD`, `DESCRIPCION`, `SUBTOTAL`, `TOTAL`)
VALUES
	(3,15,1,'AMETRALLADORA METRO TIPO B',168.50,168.50),
	(4,15,3,'AMETRALLADORA METRO TIPO B',168.50,505.50),
	(5,16,1,'AMETRALLADORA METRO TIPO B',168.50,168.50),
	(6,16,2,'AMETRALLADORA METRO TIPO B',168.50,337.00),
	(7,17,1,'AMETRALLADORA METRO TIPO B',168.50,168.50),
	(8,18,1,'AMETRALLADORA METRO TIPO B',168.50,168.50),
	(9,19,1,'AMETRALLADORA METRO TIPO B',168.50,168.50),
	(10,20,2,'AMETRALLADORA METRO TIPO B',168.50,337.00),
	(11,21,3,'AMETRALLADORA METRO TIPO B',168.50,505.50),
	(12,22,4,'AMETRALLADORA METRO TIPO B',168.50,674.00),
	(13,23,1,'AMETRALLADORA METRO TIPO B',168.50,168.50),
	(14,28,1,'AMETRALLADORA METRO TIPO B',168.50,168.50),
	(15,29,1,'AMETRALLADORA METRO TIPO B',168.50,168.50),
	(16,30,1,'AMETRALLADORA METRO TIPO B',168.50,168.50),
	(17,31,1,'AMETRALLADORA METRO TIPO B',168.50,168.50),
	(18,32,1,'AMETRALLADORA METRO TIPO B',168.50,168.50),
	(19,36,2,'Bateria 24 U',500.00,1000.00),
	(20,36,12,'AMETRALLADORA METRO TIPO B',168.50,2022.00),
	(21,37,1,'Bateria 24 U',500.00,500.00),
	(22,37,12,'VOLCANCITO ESTRELLA LEON',166.75,2001.00),
	(23,38,12,'VOLCANCITO ESTRELLA LEON',166.75,2001.00),
	(24,39,100,'VOLCANCITO ESTRELLA LEON',166.75,16675.00),
	(25,40,100,'VOLCANCITO ESTRELLA LEON',166.75,16675.00),
	(26,40,100,'VOLCANCITO ESTRELLA LEON',166.75,16675.00),
	(27,46,1,'Bateria 24 U',500.00,500.00),
	(28,47,12,'AMETRALLADORA METRO TIPO B',168.50,2022.00),
	(29,48,1,'Bateria 24 U',428.75,428.75),
	(30,49,1,'AMETRALLADORA METRO TIPO B',168.50,168.50),
	(31,50,1,'Bateria 24 U',375.00,375.00),
	(32,51,50,'PAQUETE DE CUETES ARAITA 50/1',13.50,675.00),
	(33,52,1,'Bateria 24 U',500.00,500.00),
	(34,53,12,'AMETRALLADORA METRO TIPO B',168.50,2022.00),
	(35,54,12,'Ametralladora de 2mt',0.75,9.00),
	(36,67,12,'AMETRALLADORA METRO TIPO B',150.00,1800.00),
	(37,68,1,'AMETRALLADORA METRO TIPO B',168.50,168.50),
	(38,69,24,'PAQUETE DE CUETES ARAITA 50/1',11.50,276.00),
	(39,70,120,'VOLCANCITO ESTRELLA LEON',125.00,15000.00),
	(40,70,3,'Bateria 24 U',500.00,1500.00),
	(41,71,12,'Ametralladora de 2mt',0.75,9.00),
	(42,71,12,'VOLCANCITO ESTRELLA LEON',166.75,2001.00),
	(43,71,1,'AMETRALLADORA METRO TIPO B',168.50,168.50),
	(44,71,1,'Bateria 24 U',500.00,500.00),
	(45,71,1,'PAQUETE DE CUETES ARAITA 50/1',13.50,13.50),
	(46,71,1,'dfsadfs',222.25,222.25),
	(47,71,12,'Ametralladora de 2mt',0.75,9.00),
	(48,71,12,'Ametralladora de 2mt',0.75,9.00),
	(49,71,12,'Ametralladora de 2mt',0.75,9.00),
	(50,71,12,'VOLCANCITO ESTRELLA LEON',166.75,2001.00),
	(51,71,1,'AMETRALLADORA METRO TIPO B',168.50,168.50),
	(52,71,1,'Calibre 10,000',20.00,20.00),
	(53,71,1,'PAQUETE DE CUETES ARAITA 50/1',13.50,13.50),
	(54,71,1,'dfsadfs',222.25,222.25),
	(55,71,1,'AMETRALLADORA METRO TIPO B',168.50,168.50),
	(56,71,12,'Ametralladora de 2mt',0.75,9.00),
	(57,71,1,'AMETRALLADORA METRO TIPO B',168.50,168.50),
	(58,71,12,'VOLCANCITO ESTRELLA LEON',166.75,2001.00),
	(59,71,12,'Ametralladora de 2mt',0.75,9.00),
	(60,71,12,'VOLCANCITO ESTRELLA LEON',166.75,2001.00),
	(61,71,12,'Ametralladora de 2mt',0.75,9.00),
	(62,71,12,'VOLCANCITO ESTRELLA LEON',166.75,2001.00),
	(63,71,12,'Ametralladora de 2mt',0.75,9.00),
	(64,71,12,'Ametralladora de 2mt',0.75,9.00),
	(65,71,12,'Ametralladora de 2mt',0.75,9.00),
	(66,71,12,'VOLCANCITO ESTRELLA LEON',166.75,2001.00),
	(67,71,1,'AMETRALLADORA METRO TIPO B',168.50,168.50),
	(68,71,1,'dfsadfs',222.25,222.25),
	(69,71,1,'dfsadfs',222.25,222.25),
	(70,72,1,'VOLCANCITO ESTRELLA LEON',143.00,143.00),
	(71,73,1,'AMETRALLADORA METRO TIPO B',168.50,168.50),
	(72,73,1,'Bateria 24 U',500.00,500.00),
	(73,73,1,'PAQUETE DE CUETES ARAITA 50/1',13.50,13.50),
	(74,73,1,'Calibre 10,000',20.00,20.00),
	(75,73,1,'AMETRALLADORA METRO TIPO B',168.50,168.50),
	(76,73,12,'VOLCANCITO ESTRELLA LEON',166.75,2001.00),
	(77,73,1,'dfsadfs',222.25,222.25),
	(78,73,1,'PAQUETE DE CUETES ARAITA 50/1',13.50,13.50),
	(79,73,1,'dfsadfs',222.25,222.25),
	(80,73,1,'AMETRALLADORA METRO TIPO B',168.50,168.50),
	(81,73,1,'Bateria 24 U',500.00,500.00),
	(82,73,12,'VOLCANCITO ESTRELLA LEON',166.75,2001.00),
	(83,73,12,'VOLCANCITO ESTRELLA LEON',166.75,2001.00),
	(84,73,12,'VOLCANCITO ESTRELLA LEON',166.75,2001.00),
	(85,73,1,'dfsadfs',222.25,222.25),
	(86,73,1,'PAQUETE DE CUETES ARAITA 50/1',13.50,13.50),
	(87,73,1,'Calibre 10,000',20.00,20.00),
	(88,73,1,'Calibre 10,000',20.00,20.00),
	(89,73,1,'PAQUETE DE CUETES ARAITA 50/1',13.50,13.50),
	(90,73,1,'dfsadfs',222.25,222.25),
	(91,74,1,'Bateria 24 U',500.00,500.00),
	(92,75,12,'VOLCANCITO ESTRELLA LEON',166.75,2001.00),
	(93,76,1,'PAQUETE DE CUETES ARAITA 50/1',13.50,13.50),
	(94,76,1,'VOLCANCITO ESTRELLA LEON',166.75,166.75),
	(95,77,1,'Bateria 24 U',500.00,500.00),
	(96,78,1,'AMETRALLADORA METRO TIPO B',168.50,168.50),
	(97,79,1,'AMETRALLADORA METRO TIPO B',168.50,168.50);

/*!40000 ALTER TABLE `FACTURAS_DETALLE` ENABLE KEYS */;
UNLOCK TABLES;


# Dump of table FAMILIAS
# ------------------------------------------------------------

DROP TABLE IF EXISTS `FAMILIAS`;

CREATE TABLE `FAMILIAS` (
  `id` int(11) unsigned NOT NULL AUTO_INCREMENT,
  `NOMBRE` varchar(300) DEFAULT NULL,
  PRIMARY KEY (`id`)
) ENGINE=InnoDB DEFAULT CHARSET=latin1;

LOCK TABLES `FAMILIAS` WRITE;
/*!40000 ALTER TABLE `FAMILIAS` DISABLE KEYS */;

INSERT INTO `FAMILIAS` (`id`, `NOMBRE`)
VALUES
	(1,'Combos'),
	(2,'Combo Ametralladora'),
	(3,'Luces'),
	(6,'box'),
	(7,'AMETRALLADORA');

/*!40000 ALTER TABLE `FAMILIAS` ENABLE KEYS */;
UNLOCK TABLES;


# Dump of table FORMAS_DE_PAGO
# ------------------------------------------------------------

DROP TABLE IF EXISTS `FORMAS_DE_PAGO`;

CREATE TABLE `FORMAS_DE_PAGO` (
  `id` int(11) unsigned NOT NULL AUTO_INCREMENT,
  `DESCRIPCION` varchar(300) DEFAULT NULL,
  PRIMARY KEY (`id`)
) ENGINE=InnoDB DEFAULT CHARSET=latin1;



# Dump of table GASTOS
# ------------------------------------------------------------

DROP TABLE IF EXISTS `GASTOS`;

CREATE TABLE `GASTOS` (
  `id` int(11) unsigned NOT NULL AUTO_INCREMENT,
  `HABER` tinyint(1) DEFAULT NULL,
  `DESCRIPCION` varchar(300) DEFAULT NULL,
  `DOCUMENTO_BASE` varchar(300) DEFAULT NULL,
  `MONTO` double(15,2) DEFAULT NULL,
  `CLASIFICACION` varchar(1) DEFAULT NULL,
  `ID_CARGA` int(11) DEFAULT NULL,
  `ID_PLANILLA` int(11) DEFAULT NULL,
  `ID_RUBRO` int(11) DEFAULT NULL,
  PRIMARY KEY (`id`)
) ENGINE=InnoDB DEFAULT CHARSET=latin1;



# Dump of table INV0
# ------------------------------------------------------------

DROP TABLE IF EXISTS `INV0`;

CREATE TABLE `INV0` (
  `ID_PRODUCT` decimal(11,0) NOT NULL,
  `ESTATUS` varchar(1) NOT NULL,
  `ID_ORDEN` decimal(11,0) NOT NULL DEFAULT '0',
  `AMOUNT` decimal(12,0) DEFAULT NULL,
  `ID_USUARIO` decimal(11,0) DEFAULT NULL,
  PRIMARY KEY (`ID_PRODUCT`,`ESTATUS`,`ID_ORDEN`)
) ENGINE=InnoDB DEFAULT CHARSET=latin1;

LOCK TABLES `INV0` WRITE;
/*!40000 ALTER TABLE `INV0` DISABLE KEYS */;

INSERT INTO `INV0` (`ID_PRODUCT`, `ESTATUS`, `ID_ORDEN`, `AMOUNT`, `ID_USUARIO`)
VALUES
	(2,'r',137,2,NULL),
	(3,'r',81,4,NULL),
	(3,'r',82,3,NULL),
	(3,'r',135,2,NULL),
	(3,'r',137,2,NULL),
	(7,'r',135,24,NULL),
	(8,'r',135,24,NULL),
	(8,'r',137,24,NULL),
	(10,'r',69,13,NULL),
	(10,'r',137,2,NULL),
	(11,'r',135,2,NULL),
	(11,'r',137,2,NULL),
	(12,'r',135,2,NULL),
	(12,'r',137,2,NULL);

/*!40000 ALTER TABLE `INV0` ENABLE KEYS */;
UNLOCK TABLES;


# Dump of table INV1000002
# ------------------------------------------------------------

DROP TABLE IF EXISTS `INV1000002`;

CREATE TABLE `INV1000002` (
  `ID_PRODUCT` decimal(11,0) NOT NULL,
  `ESTATUS` varchar(1) NOT NULL,
  `ID_ORDEN` decimal(11,0) NOT NULL DEFAULT '0',
  `AMOUNT` decimal(12,0) DEFAULT NULL,
  `ID_USUARIO` decimal(11,0) DEFAULT NULL,
  PRIMARY KEY (`ID_PRODUCT`,`ESTATUS`,`ID_ORDEN`)
) ENGINE=InnoDB DEFAULT CHARSET=latin1;

LOCK TABLES `INV1000002` WRITE;
/*!40000 ALTER TABLE `INV1000002` DISABLE KEYS */;

INSERT INTO `INV1000002` (`ID_PRODUCT`, `ESTATUS`, `ID_ORDEN`, `AMOUNT`, `ID_USUARIO`)
VALUES
	(2,'a',0,215,NULL),
	(3,'a',0,9,NULL),
	(8,'a',0,15,NULL),
	(10,'a',0,60,NULL),
	(12,'a',0,95,NULL);

/*!40000 ALTER TABLE `INV1000002` ENABLE KEYS */;
UNLOCK TABLES;


# Dump of table INV1000004
# ------------------------------------------------------------

DROP TABLE IF EXISTS `INV1000004`;

CREATE TABLE `INV1000004` (
  `ID_PRODUCT` decimal(11,0) NOT NULL,
  `ESTATUS` varchar(1) NOT NULL,
  `ID_ORDEN` decimal(11,0) NOT NULL DEFAULT '0',
  `AMOUNT` decimal(12,0) DEFAULT NULL,
  PRIMARY KEY (`ID_PRODUCT`,`ESTATUS`,`ID_ORDEN`)
) ENGINE=InnoDB DEFAULT CHARSET=latin1;

LOCK TABLES `INV1000004` WRITE;
/*!40000 ALTER TABLE `INV1000004` DISABLE KEYS */;

INSERT INTO `INV1000004` (`ID_PRODUCT`, `ESTATUS`, `ID_ORDEN`, `AMOUNT`)
VALUES
	(2,'a',0,0),
	(3,'a',0,28),
	(8,'a',0,567),
	(10,'a',0,5),
	(11,'a',0,24),
	(12,'a',0,10);

/*!40000 ALTER TABLE `INV1000004` ENABLE KEYS */;
UNLOCK TABLES;


# Dump of table INV1000005
# ------------------------------------------------------------

DROP TABLE IF EXISTS `INV1000005`;

CREATE TABLE `INV1000005` (
  `ID_PRODUCT` decimal(11,0) NOT NULL,
  `ESTATUS` varchar(1) NOT NULL,
  `ID_ORDEN` decimal(11,0) NOT NULL DEFAULT '0',
  `AMOUNT` decimal(12,0) DEFAULT NULL,
  `ID_USUARIO` decimal(11,0) DEFAULT NULL,
  PRIMARY KEY (`ID_PRODUCT`,`ESTATUS`,`ID_ORDEN`)
) ENGINE=InnoDB DEFAULT CHARSET=latin1;

LOCK TABLES `INV1000005` WRITE;
/*!40000 ALTER TABLE `INV1000005` DISABLE KEYS */;

INSERT INTO `INV1000005` (`ID_PRODUCT`, `ESTATUS`, `ID_ORDEN`, `AMOUNT`, `ID_USUARIO`)
VALUES
	(8,'a',0,9,NULL),
	(11,'a',0,2500,NULL);

/*!40000 ALTER TABLE `INV1000005` ENABLE KEYS */;
UNLOCK TABLES;


# Dump of table INV1000014
# ------------------------------------------------------------

DROP TABLE IF EXISTS `INV1000014`;

CREATE TABLE `INV1000014` (
  `ID_PRODUCT` decimal(11,0) NOT NULL,
  `ESTATUS` varchar(1) NOT NULL,
  `ID_ORDEN` decimal(11,0) NOT NULL DEFAULT '0',
  `AMOUNT` decimal(12,0) DEFAULT NULL,
  `ID_USUARIO` decimal(11,0) DEFAULT NULL,
  PRIMARY KEY (`ID_PRODUCT`,`ESTATUS`,`ID_ORDEN`)
) ENGINE=InnoDB DEFAULT CHARSET=latin1;

LOCK TABLES `INV1000014` WRITE;
/*!40000 ALTER TABLE `INV1000014` DISABLE KEYS */;

INSERT INTO `INV1000014` (`ID_PRODUCT`, `ESTATUS`, `ID_ORDEN`, `AMOUNT`, `ID_USUARIO`)
VALUES
	(11,'a',0,8,NULL);

/*!40000 ALTER TABLE `INV1000014` ENABLE KEYS */;
UNLOCK TABLES;


# Dump of table INV13
# ------------------------------------------------------------

DROP TABLE IF EXISTS `INV13`;

CREATE TABLE `INV13` (
  `ID_PRODUCT` decimal(11,0) NOT NULL,
  `ESTATUS` varchar(1) NOT NULL,
  `ID_ORDEN` decimal(11,0) NOT NULL DEFAULT '0',
  `AMOUNT` decimal(12,0) DEFAULT NULL,
  PRIMARY KEY (`ID_PRODUCT`,`ESTATUS`,`ID_ORDEN`)
) ENGINE=InnoDB DEFAULT CHARSET=latin1;



# Dump of table INV2
# ------------------------------------------------------------

DROP TABLE IF EXISTS `INV2`;

CREATE TABLE `INV2` (
  `ID_PRODUCT` decimal(11,0) NOT NULL,
  `ESTATUS` varchar(1) NOT NULL,
  `ID_ORDEN` decimal(11,0) NOT NULL DEFAULT '0',
  `AMOUNT` decimal(12,0) DEFAULT NULL,
  `ID_USUARIO` decimal(11,0) DEFAULT NULL,
  PRIMARY KEY (`ID_PRODUCT`,`ESTATUS`,`ID_ORDEN`)
) ENGINE=InnoDB DEFAULT CHARSET=latin1;

LOCK TABLES `INV2` WRITE;
/*!40000 ALTER TABLE `INV2` DISABLE KEYS */;

INSERT INTO `INV2` (`ID_PRODUCT`, `ESTATUS`, `ID_ORDEN`, `AMOUNT`, `ID_USUARIO`)
VALUES
	(2,'a',0,1741,NULL),
	(2,'C',119,1,6),
	(2,'r',104,1,NULL),
	(2,'r',105,1,NULL),
	(2,'r',106,1,NULL),
	(2,'r',110,1,NULL),
	(2,'r',113,1,NULL),
	(2,'r',123,1,NULL),
	(2,'r',124,1,NULL),
	(2,'r',126,1,NULL),
	(2,'r',129,2,NULL),
	(2,'r',134,3,NULL),
	(2,'r',135,1,NULL),
	(2,'r',137,1,NULL),
	(2,'r',138,1,NULL),
	(2,'r',141,1,NULL),
	(2,'r',145,7,NULL),
	(3,'a',0,2417,NULL),
	(3,'r',73,10,NULL),
	(3,'r',74,5,NULL),
	(3,'r',76,15,NULL),
	(3,'r',77,5,NULL),
	(3,'r',78,1,NULL),
	(3,'r',79,4,NULL),
	(3,'r',80,1,NULL),
	(3,'r',81,1,NULL),
	(3,'r',82,1,NULL),
	(3,'r',83,1,NULL),
	(3,'r',84,1,NULL),
	(3,'r',85,1,NULL),
	(3,'r',86,2,NULL),
	(3,'r',87,3,NULL),
	(3,'r',88,4,NULL),
	(3,'r',89,1,NULL),
	(3,'r',90,1,NULL),
	(3,'r',91,2,NULL),
	(3,'r',92,1,NULL),
	(3,'r',93,1,NULL),
	(3,'r',94,1,NULL),
	(3,'r',95,1,NULL),
	(3,'r',96,1,NULL),
	(3,'r',97,1,NULL),
	(3,'r',98,1,NULL),
	(3,'r',100,2,NULL),
	(3,'r',101,1,NULL),
	(3,'r',103,1,NULL),
	(3,'r',107,1,NULL),
	(3,'r',108,1,NULL),
	(3,'r',112,1,NULL),
	(3,'r',121,1,NULL),
	(3,'r',122,12,NULL),
	(3,'r',128,12,NULL),
	(3,'r',131,12,NULL),
	(3,'r',132,1,NULL),
	(3,'r',135,1,NULL),
	(3,'r',137,1,NULL),
	(3,'r',142,1,NULL),
	(3,'r',143,1,NULL),
	(3,'r',146,1,NULL),
	(3,'r',147,1,NULL),
	(3,'r',148,1,NULL),
	(7,'a',0,-192,NULL),
	(7,'r',99,12,NULL),
	(7,'r',102,12,NULL),
	(7,'r',106,12,NULL),
	(7,'r',109,12,NULL),
	(7,'r',113,12,NULL),
	(7,'r',127,12,NULL),
	(7,'r',135,12,NULL),
	(8,'a',0,11968,NULL),
	(8,'r',130,1,NULL),
	(8,'r',134,120,NULL),
	(8,'r',135,12,NULL),
	(8,'r',136,1,NULL),
	(8,'r',137,12,NULL),
	(8,'r',139,12,NULL),
	(8,'r',140,1,NULL),
	(9,'a',0,198,NULL),
	(9,'r',130,3,NULL),
	(10,'a',0,-9,NULL),
	(10,'r',135,1,NULL),
	(10,'r',137,1,NULL),
	(10,'r',144,100,NULL),
	(11,'a',0,-2190,NULL),
	(11,'r',111,1,NULL),
	(11,'r',125,50,NULL),
	(11,'r',133,24,NULL),
	(11,'r',135,1,NULL),
	(11,'r',137,1,NULL),
	(11,'r',140,1,NULL),
	(11,'r',144,24,NULL),
	(12,'a',0,-1,NULL),
	(12,'r',135,1,NULL),
	(12,'r',137,1,NULL),
	(13,'a',0,1,NULL),
	(14,'a',0,1,NULL),
	(15,'a',0,1,NULL),
	(16,'a',0,1,NULL),
	(17,'a',0,1,NULL),
	(18,'a',0,1,NULL),
	(19,'a',0,1,NULL),
	(20,'a',0,1,NULL),
	(21,'a',0,1,NULL),
	(22,'a',0,1,NULL),
	(23,'a',0,1,NULL),
	(24,'a',0,1,NULL),
	(25,'a',0,1,NULL),
	(26,'a',0,1,NULL),
	(27,'a',0,1,NULL),
	(28,'a',0,1,NULL),
	(29,'a',0,1,NULL),
	(30,'a',0,1,NULL),
	(31,'a',0,1,NULL),
	(32,'a',0,1,NULL),
	(33,'a',0,1,NULL),
	(34,'a',0,1,NULL),
	(35,'a',0,1,NULL),
	(36,'a',0,1,NULL),
	(37,'a',0,1,NULL),
	(38,'a',0,1,NULL),
	(39,'a',0,1,NULL),
	(40,'a',0,1,NULL),
	(41,'a',0,1,NULL),
	(42,'a',0,1,NULL),
	(43,'a',0,1,NULL),
	(44,'a',0,1,NULL),
	(45,'a',0,1,NULL),
	(46,'a',0,1,NULL),
	(47,'a',0,1,NULL),
	(48,'a',0,1,NULL),
	(49,'a',0,1,NULL),
	(50,'a',0,1,NULL),
	(51,'a',0,1,NULL),
	(52,'a',0,1,NULL),
	(53,'a',0,1,NULL),
	(54,'a',0,1,NULL),
	(55,'a',0,1,NULL),
	(56,'a',0,1,NULL),
	(57,'a',0,1,NULL),
	(58,'a',0,1,NULL),
	(60,'a',0,1,NULL),
	(61,'a',0,1,NULL),
	(62,'a',0,1,NULL),
	(69,'a',0,1,NULL),
	(70,'a',0,1,NULL),
	(71,'a',0,1,NULL),
	(72,'a',0,1,NULL),
	(73,'a',0,1,NULL),
	(74,'a',0,1,NULL),
	(75,'a',0,1,NULL),
	(76,'a',0,1,NULL),
	(77,'a',0,1,NULL),
	(78,'a',0,1,NULL),
	(79,'a',0,1,NULL),
	(80,'a',0,1,NULL),
	(81,'a',0,1,NULL),
	(82,'a',0,1,NULL),
	(83,'a',0,1,NULL),
	(84,'a',0,1,NULL),
	(85,'a',0,1,NULL),
	(86,'a',0,1,NULL),
	(87,'a',0,1,NULL),
	(88,'a',0,1,NULL),
	(89,'a',0,1,NULL),
	(90,'a',0,1,NULL),
	(91,'a',0,1,NULL),
	(92,'a',0,1,NULL),
	(93,'a',0,1,NULL),
	(94,'a',0,1,NULL),
	(95,'a',0,1,NULL),
	(96,'a',0,1,NULL),
	(97,'a',0,1,NULL),
	(98,'a',0,1,NULL),
	(99,'a',0,1,NULL),
	(100,'a',0,1,NULL),
	(101,'a',0,1,NULL),
	(102,'a',0,1,NULL),
	(103,'a',0,1,NULL),
	(104,'a',0,1,NULL),
	(105,'a',0,1,NULL),
	(107,'a',0,1,NULL),
	(109,'a',0,1,NULL),
	(110,'a',0,1,NULL),
	(111,'a',0,1,NULL),
	(112,'a',0,1,NULL),
	(113,'a',0,1,NULL),
	(114,'a',0,1,NULL),
	(115,'a',0,1,NULL),
	(116,'a',0,1,NULL),
	(117,'a',0,1,NULL),
	(118,'a',0,1,NULL),
	(119,'a',0,1,NULL),
	(120,'a',0,1,NULL),
	(121,'a',0,1,NULL),
	(122,'a',0,1,NULL),
	(123,'a',0,1,NULL),
	(124,'a',0,1,NULL),
	(125,'a',0,1,NULL),
	(126,'a',0,1,NULL),
	(128,'a',0,1,NULL),
	(129,'a',0,1,NULL),
	(130,'a',0,1,NULL),
	(131,'a',0,1,NULL),
	(132,'a',0,1,NULL),
	(133,'a',0,1,NULL),
	(136,'a',0,1,NULL),
	(141,'a',0,1,NULL),
	(142,'a',0,1,NULL),
	(143,'a',0,1,NULL),
	(144,'a',0,1,NULL),
	(145,'a',0,1,NULL),
	(146,'a',0,1,NULL),
	(147,'a',0,1,NULL),
	(148,'a',0,1,NULL),
	(149,'a',0,1,NULL),
	(150,'a',0,1,NULL),
	(151,'a',0,1,NULL),
	(152,'a',0,1,NULL),
	(153,'a',0,1,NULL),
	(154,'a',0,1,NULL),
	(155,'a',0,1,NULL),
	(156,'a',0,1,NULL),
	(157,'a',0,1,NULL),
	(158,'a',0,1,NULL),
	(159,'a',0,1,NULL),
	(160,'a',0,1,NULL),
	(161,'a',0,1,NULL),
	(162,'a',0,1,NULL),
	(163,'a',0,1,NULL),
	(164,'a',0,1,NULL),
	(165,'a',0,1,NULL),
	(166,'a',0,1,NULL),
	(167,'a',0,1,NULL),
	(168,'a',0,1,NULL),
	(169,'a',0,1,NULL),
	(170,'a',0,1,NULL),
	(171,'a',0,1,NULL),
	(172,'a',0,1,NULL),
	(173,'a',0,1,NULL),
	(174,'a',0,1,NULL),
	(176,'a',0,1,NULL),
	(177,'a',0,1,NULL),
	(178,'a',0,1,NULL),
	(179,'a',0,1,NULL),
	(180,'a',0,1,NULL),
	(181,'a',0,1,NULL),
	(182,'a',0,1,NULL),
	(183,'a',0,1,NULL),
	(184,'a',0,1,NULL),
	(187,'a',0,1,NULL),
	(188,'a',0,1,NULL),
	(189,'a',0,1,NULL),
	(190,'a',0,1,NULL),
	(191,'a',0,1,NULL),
	(192,'a',0,1,NULL),
	(193,'a',0,1,NULL),
	(194,'a',0,1,NULL),
	(195,'a',0,1,NULL),
	(196,'a',0,1,NULL),
	(197,'a',0,1,NULL),
	(198,'a',0,1,NULL),
	(199,'a',0,1,NULL),
	(200,'a',0,1,NULL),
	(201,'a',0,1,NULL),
	(202,'a',0,1,NULL),
	(203,'a',0,1,NULL),
	(204,'a',0,1,NULL),
	(205,'a',0,1,NULL),
	(206,'a',0,1,NULL),
	(207,'a',0,1,NULL),
	(208,'a',0,1,NULL),
	(209,'a',0,1,NULL),
	(210,'a',0,1,NULL),
	(211,'a',0,1,NULL),
	(212,'a',0,1,NULL),
	(213,'a',0,1,NULL),
	(214,'a',0,1,NULL),
	(215,'a',0,1,NULL),
	(216,'a',0,1,NULL),
	(217,'a',0,1,NULL),
	(218,'a',0,1,NULL),
	(219,'a',0,1,NULL),
	(220,'a',0,1,NULL),
	(221,'a',0,1,NULL),
	(222,'a',0,1,NULL),
	(223,'a',0,1,NULL),
	(224,'a',0,1,NULL),
	(225,'a',0,1,NULL),
	(226,'a',0,1,NULL),
	(227,'a',0,1,NULL),
	(228,'a',0,1,NULL),
	(229,'a',0,1,NULL),
	(230,'a',0,1,NULL),
	(231,'a',0,1,NULL),
	(232,'a',0,1,NULL),
	(233,'a',0,1,NULL),
	(234,'a',0,1,NULL),
	(235,'a',0,1,NULL),
	(236,'a',0,1,NULL),
	(237,'a',0,1,NULL),
	(238,'a',0,1,NULL),
	(239,'a',0,1,NULL),
	(240,'a',0,1,NULL),
	(241,'a',0,1,NULL),
	(242,'a',0,1,NULL),
	(243,'a',0,1,NULL),
	(244,'a',0,1,NULL),
	(245,'a',0,1,NULL),
	(246,'a',0,1,NULL),
	(247,'a',0,1,NULL),
	(248,'a',0,1,NULL),
	(249,'a',0,1,NULL),
	(250,'a',0,1,NULL),
	(251,'a',0,1,NULL),
	(252,'a',0,1,NULL),
	(253,'a',0,1,NULL),
	(254,'a',0,1,NULL),
	(255,'a',0,1,NULL),
	(256,'a',0,1,NULL),
	(257,'a',0,1,NULL),
	(258,'a',0,1,NULL),
	(259,'a',0,1,NULL),
	(260,'a',0,1,NULL),
	(261,'a',0,1,NULL),
	(262,'a',0,1,NULL),
	(263,'a',0,1,NULL),
	(264,'a',0,1,NULL),
	(265,'a',0,1,NULL),
	(266,'a',0,1,NULL),
	(267,'a',0,1,NULL),
	(268,'a',0,1,NULL),
	(269,'a',0,1,NULL),
	(270,'a',0,1,NULL),
	(271,'a',0,1,NULL),
	(272,'a',0,1,NULL),
	(273,'a',0,1,NULL),
	(274,'a',0,1,NULL),
	(275,'a',0,1,NULL),
	(276,'a',0,1,NULL),
	(277,'a',0,1,NULL),
	(278,'a',0,1,NULL),
	(279,'a',0,1,NULL),
	(280,'a',0,1,NULL),
	(281,'a',0,1,NULL),
	(282,'a',0,1,NULL),
	(283,'a',0,1,NULL),
	(284,'a',0,1,NULL),
	(285,'a',0,1,NULL),
	(286,'a',0,1,NULL),
	(287,'a',0,1,NULL),
	(288,'a',0,1,NULL),
	(289,'a',0,1,NULL),
	(290,'a',0,1,NULL),
	(291,'a',0,1,NULL),
	(292,'a',0,1,NULL),
	(293,'a',0,1,NULL),
	(294,'a',0,1,NULL),
	(295,'a',0,1,NULL),
	(296,'a',0,1,NULL),
	(297,'a',0,1,NULL),
	(298,'a',0,1,NULL),
	(299,'a',0,1,NULL),
	(300,'a',0,1,NULL),
	(301,'a',0,1,NULL),
	(302,'a',0,1,NULL),
	(303,'a',0,1,NULL),
	(304,'a',0,1,NULL),
	(305,'a',0,1,NULL),
	(306,'a',0,1,NULL),
	(307,'a',0,1,NULL),
	(308,'a',0,1,NULL),
	(309,'a',0,1,NULL),
	(311,'a',0,1,NULL),
	(313,'a',0,1,NULL),
	(314,'a',0,1,NULL),
	(315,'a',0,1,NULL),
	(316,'a',0,1,NULL),
	(317,'a',0,1,NULL),
	(318,'a',0,1,NULL),
	(319,'a',0,1,NULL),
	(320,'a',0,1,NULL),
	(321,'a',0,1,NULL),
	(322,'a',0,1,NULL),
	(323,'a',0,1,NULL),
	(324,'a',0,1,NULL),
	(325,'a',0,1,NULL),
	(326,'a',0,1,NULL),
	(327,'a',0,1,NULL),
	(328,'a',0,1,NULL),
	(329,'a',0,1,NULL),
	(330,'a',0,1,NULL),
	(331,'a',0,1,NULL),
	(332,'a',0,1,NULL),
	(333,'a',0,1,NULL),
	(334,'a',0,1,NULL),
	(335,'a',0,1,NULL),
	(336,'a',0,1,NULL),
	(337,'a',0,1,NULL),
	(338,'a',0,1,NULL),
	(339,'a',0,1,NULL),
	(340,'a',0,1,NULL),
	(341,'a',0,1,NULL),
	(342,'a',0,1,NULL),
	(343,'a',0,1,NULL),
	(344,'a',0,1,NULL),
	(345,'a',0,1,NULL),
	(346,'a',0,1,NULL),
	(347,'a',0,1,NULL),
	(348,'a',0,1,NULL),
	(349,'a',0,1,NULL),
	(350,'a',0,1,NULL),
	(351,'a',0,1,NULL),
	(352,'a',0,1,NULL),
	(353,'a',0,1,NULL),
	(354,'a',0,1,NULL),
	(355,'a',0,1,NULL),
	(356,'a',0,1,NULL),
	(357,'a',0,1,NULL),
	(358,'a',0,1,NULL),
	(359,'a',0,1,NULL),
	(360,'a',0,1,NULL),
	(361,'a',0,1,NULL),
	(362,'a',0,1,NULL),
	(363,'a',0,1,NULL),
	(364,'a',0,1,NULL),
	(365,'a',0,1,NULL),
	(366,'a',0,1,NULL),
	(367,'a',0,1,NULL),
	(368,'a',0,1,NULL),
	(369,'a',0,1,NULL),
	(370,'a',0,1,NULL),
	(371,'a',0,1,NULL),
	(372,'a',0,1,NULL),
	(373,'a',0,1,NULL),
	(374,'a',0,1,NULL),
	(375,'a',0,1,NULL),
	(376,'a',0,1,NULL),
	(377,'a',0,1,NULL),
	(378,'a',0,1,NULL),
	(379,'a',0,1,NULL),
	(380,'a',0,1,NULL),
	(389,'a',0,1,NULL),
	(390,'a',0,1,NULL),
	(391,'a',0,1,NULL),
	(392,'a',0,1,NULL),
	(393,'a',0,1,NULL),
	(394,'a',0,1,NULL),
	(395,'a',0,1,NULL),
	(396,'a',0,1,NULL),
	(397,'a',0,1,NULL),
	(398,'a',0,1,NULL),
	(399,'a',0,1,NULL),
	(400,'a',0,1,NULL),
	(401,'a',0,1,NULL),
	(402,'a',0,1,NULL),
	(403,'a',0,1,NULL),
	(404,'a',0,1,NULL),
	(405,'a',0,1,NULL),
	(406,'a',0,1,NULL),
	(407,'a',0,1,NULL),
	(408,'a',0,1,NULL),
	(409,'a',0,1,NULL),
	(410,'a',0,1,NULL),
	(411,'a',0,1,NULL),
	(412,'a',0,1,NULL),
	(413,'a',0,1,NULL),
	(414,'a',0,1,NULL),
	(415,'a',0,1,NULL),
	(416,'a',0,1,NULL),
	(417,'a',0,1,NULL),
	(418,'a',0,1,NULL),
	(419,'a',0,1,NULL),
	(420,'a',0,1,NULL),
	(421,'a',0,1,NULL),
	(422,'a',0,1,NULL),
	(423,'a',0,1,NULL),
	(424,'a',0,1,NULL),
	(425,'a',0,1,NULL),
	(426,'a',0,1,NULL),
	(428,'a',0,1,NULL),
	(429,'a',0,1,NULL),
	(430,'a',0,1,NULL),
	(431,'a',0,1,NULL),
	(432,'a',0,1,NULL),
	(433,'a',0,1,NULL),
	(434,'a',0,1,NULL),
	(435,'a',0,1,NULL),
	(436,'a',0,1,NULL),
	(437,'a',0,1,NULL),
	(438,'a',0,1,NULL),
	(439,'a',0,1,NULL),
	(440,'a',0,1,NULL),
	(441,'a',0,1,NULL),
	(442,'a',0,1,NULL),
	(443,'a',0,1,NULL),
	(444,'a',0,1,NULL),
	(445,'a',0,1,NULL),
	(446,'a',0,1,NULL),
	(447,'a',0,1,NULL),
	(448,'a',0,1,NULL),
	(449,'a',0,1,NULL),
	(450,'a',0,1,NULL),
	(451,'a',0,1,NULL),
	(452,'a',0,1,NULL),
	(453,'a',0,1,NULL),
	(454,'a',0,1,NULL),
	(455,'a',0,1,NULL),
	(456,'a',0,1,NULL),
	(457,'a',0,1,NULL),
	(458,'a',0,1,NULL),
	(459,'a',0,1,NULL),
	(460,'a',0,1,NULL),
	(461,'a',0,1,NULL),
	(463,'a',0,1,NULL),
	(464,'a',0,1,NULL),
	(465,'a',0,1,NULL),
	(466,'a',0,1,NULL),
	(467,'a',0,1,NULL),
	(468,'a',0,1,NULL),
	(469,'a',0,1,NULL),
	(470,'a',0,1,NULL),
	(471,'a',0,1,NULL),
	(472,'a',0,1,NULL),
	(473,'a',0,1,NULL),
	(474,'a',0,1,NULL),
	(475,'a',0,1,NULL),
	(476,'a',0,1,NULL),
	(477,'a',0,1,NULL),
	(478,'a',0,1,NULL),
	(479,'a',0,1,NULL),
	(480,'a',0,1,NULL),
	(481,'a',0,1,NULL),
	(482,'a',0,1,NULL),
	(483,'a',0,1,NULL),
	(484,'a',0,1,NULL),
	(485,'a',0,1,NULL),
	(486,'a',0,1,NULL),
	(487,'a',0,1,NULL),
	(488,'a',0,1,NULL),
	(489,'a',0,1,NULL),
	(490,'a',0,1,NULL),
	(491,'a',0,1,NULL),
	(492,'a',0,1,NULL),
	(493,'a',0,1,NULL),
	(494,'a',0,1,NULL),
	(495,'a',0,1,NULL),
	(496,'a',0,1,NULL),
	(497,'a',0,1,NULL),
	(498,'a',0,1,NULL),
	(499,'a',0,1,NULL),
	(500,'a',0,1,NULL),
	(501,'a',0,1,NULL),
	(502,'a',0,1,NULL),
	(503,'a',0,1,NULL),
	(504,'a',0,1,NULL),
	(505,'a',0,1,NULL),
	(506,'a',0,1,NULL),
	(507,'a',0,1,NULL),
	(508,'a',0,1,NULL),
	(509,'a',0,1,NULL),
	(510,'a',0,1,NULL),
	(511,'a',0,1,NULL),
	(512,'a',0,1,NULL),
	(513,'a',0,1,NULL),
	(514,'a',0,1,NULL),
	(515,'a',0,1,NULL),
	(516,'a',0,1,NULL),
	(517,'a',0,1,NULL),
	(518,'a',0,1,NULL),
	(519,'a',0,1,NULL),
	(520,'a',0,1,NULL),
	(521,'a',0,1,NULL),
	(522,'a',0,1,NULL),
	(523,'a',0,1,NULL),
	(524,'a',0,1,NULL),
	(525,'a',0,1,NULL),
	(526,'a',0,1,NULL),
	(527,'a',0,1,NULL),
	(528,'a',0,1,NULL),
	(529,'a',0,1,NULL),
	(534,'a',0,1,NULL),
	(535,'a',0,1,NULL),
	(536,'a',0,1,NULL),
	(537,'a',0,1,NULL),
	(538,'a',0,1,NULL),
	(539,'a',0,1,NULL),
	(540,'a',0,1,NULL),
	(541,'a',0,1,NULL),
	(542,'a',0,1,NULL),
	(543,'a',0,1,NULL),
	(544,'a',0,1,NULL),
	(545,'a',0,1,NULL),
	(546,'a',0,1,NULL),
	(547,'a',0,1,NULL),
	(548,'a',0,1,NULL),
	(549,'a',0,1,NULL),
	(550,'a',0,1,NULL),
	(551,'a',0,1,NULL),
	(552,'a',0,1,NULL),
	(553,'a',0,1,NULL),
	(554,'a',0,1,NULL),
	(555,'a',0,1,NULL),
	(556,'a',0,1,NULL),
	(557,'a',0,1,NULL),
	(558,'a',0,1,NULL),
	(559,'a',0,1,NULL),
	(560,'a',0,1,NULL),
	(561,'a',0,1,NULL),
	(562,'a',0,1,NULL),
	(563,'a',0,1,NULL),
	(564,'a',0,1,NULL),
	(565,'a',0,1,NULL),
	(566,'a',0,1,NULL),
	(567,'a',0,1,NULL),
	(568,'a',0,1,NULL),
	(569,'a',0,1,NULL),
	(570,'a',0,1,NULL),
	(571,'a',0,1,NULL),
	(572,'a',0,1,NULL),
	(573,'a',0,1,NULL),
	(574,'a',0,1,NULL),
	(575,'a',0,1,NULL),
	(576,'a',0,1,NULL),
	(577,'a',0,1,NULL),
	(578,'a',0,1,NULL),
	(579,'a',0,1,NULL),
	(580,'a',0,1,NULL),
	(581,'a',0,1,NULL),
	(582,'a',0,1,NULL),
	(583,'a',0,1,NULL),
	(584,'a',0,1,NULL),
	(585,'a',0,1,NULL),
	(586,'a',0,1,NULL),
	(587,'a',0,1,NULL),
	(588,'a',0,1,NULL),
	(589,'a',0,1,NULL),
	(590,'a',0,1,NULL),
	(591,'a',0,1,NULL),
	(592,'a',0,1,NULL),
	(593,'a',0,1,NULL),
	(594,'a',0,1,NULL),
	(595,'a',0,1,NULL),
	(596,'a',0,1,NULL),
	(597,'a',0,1,NULL),
	(598,'a',0,1,NULL),
	(599,'a',0,1,NULL),
	(600,'a',0,1,NULL),
	(601,'a',0,1,NULL),
	(602,'a',0,1,NULL),
	(603,'a',0,1,NULL),
	(604,'a',0,1,NULL),
	(605,'a',0,1,NULL),
	(606,'a',0,1,NULL),
	(607,'a',0,1,NULL),
	(608,'a',0,1,NULL),
	(609,'a',0,1,NULL),
	(610,'a',0,1,NULL),
	(611,'a',0,1,NULL),
	(612,'a',0,1,NULL),
	(613,'a',0,1,NULL),
	(614,'a',0,1,NULL),
	(615,'a',0,1,NULL),
	(616,'a',0,1,NULL),
	(617,'a',0,1,NULL),
	(618,'a',0,1,NULL),
	(619,'a',0,1,NULL),
	(620,'a',0,1,NULL),
	(621,'a',0,1,NULL),
	(622,'a',0,1,NULL),
	(623,'a',0,1,NULL),
	(624,'a',0,1,NULL),
	(625,'a',0,1,NULL),
	(626,'a',0,1,NULL),
	(627,'a',0,1,NULL),
	(628,'a',0,1,NULL),
	(629,'a',0,1,NULL),
	(630,'a',0,1,NULL),
	(631,'a',0,1,NULL),
	(632,'a',0,1,NULL),
	(633,'a',0,1,NULL),
	(634,'a',0,1,NULL),
	(635,'a',0,1,NULL),
	(636,'a',0,1,NULL),
	(637,'a',0,1,NULL),
	(638,'a',0,1,NULL),
	(639,'a',0,1,NULL),
	(640,'a',0,1,NULL),
	(641,'a',0,1,NULL),
	(642,'a',0,1,NULL),
	(643,'a',0,1,NULL),
	(644,'a',0,1,NULL),
	(645,'a',0,1,NULL),
	(646,'a',0,1,NULL),
	(647,'a',0,1,NULL),
	(648,'a',0,1,NULL),
	(649,'a',0,1,NULL),
	(650,'a',0,1,NULL),
	(651,'a',0,1,NULL),
	(652,'a',0,1,NULL),
	(653,'a',0,1,NULL),
	(654,'a',0,1,NULL),
	(656,'a',0,1,NULL),
	(657,'a',0,1,NULL),
	(658,'a',0,1,NULL),
	(659,'a',0,1,NULL),
	(660,'a',0,1,NULL),
	(662,'a',0,1,NULL),
	(663,'a',0,1,NULL),
	(664,'a',0,1,NULL),
	(665,'a',0,1,NULL),
	(666,'a',0,1,NULL),
	(667,'a',0,1,NULL),
	(668,'a',0,1,NULL),
	(669,'a',0,1,NULL),
	(670,'a',0,1,NULL),
	(671,'a',0,1,NULL),
	(672,'a',0,1,NULL),
	(673,'a',0,1,NULL),
	(674,'a',0,1,NULL),
	(675,'a',0,1,NULL),
	(676,'a',0,1,NULL),
	(677,'a',0,1,NULL),
	(678,'a',0,1,NULL),
	(679,'a',0,1,NULL),
	(680,'a',0,1,NULL),
	(681,'a',0,1,NULL),
	(682,'a',0,1,NULL),
	(683,'a',0,1,NULL),
	(685,'a',0,1,NULL),
	(686,'a',0,1,NULL),
	(687,'a',0,1,NULL),
	(688,'a',0,1,NULL),
	(689,'a',0,1,NULL),
	(690,'a',0,1,NULL),
	(691,'a',0,1,NULL),
	(692,'a',0,1,NULL),
	(693,'a',0,1,NULL),
	(694,'a',0,1,NULL),
	(695,'a',0,1,NULL),
	(696,'a',0,1,NULL),
	(697,'a',0,1,NULL),
	(698,'a',0,1,NULL),
	(699,'a',0,1,NULL),
	(700,'a',0,1,NULL),
	(701,'a',0,1,NULL),
	(702,'a',0,1,NULL),
	(703,'a',0,1,NULL),
	(704,'a',0,1,NULL),
	(705,'a',0,1,NULL),
	(706,'a',0,1,NULL),
	(707,'a',0,1,NULL),
	(708,'a',0,1,NULL),
	(709,'a',0,1,NULL),
	(710,'a',0,1,NULL),
	(711,'a',0,1,NULL),
	(712,'a',0,1,NULL),
	(713,'a',0,1,NULL),
	(714,'a',0,1,NULL),
	(715,'a',0,1,NULL),
	(716,'a',0,1,NULL),
	(717,'a',0,1,NULL),
	(718,'a',0,1,NULL),
	(720,'a',0,1,NULL),
	(721,'a',0,1,NULL),
	(722,'a',0,1,NULL),
	(724,'a',0,1,NULL),
	(725,'a',0,1,NULL),
	(727,'a',0,1,NULL),
	(728,'a',0,1,NULL),
	(729,'a',0,1,NULL),
	(731,'a',0,1,NULL),
	(732,'a',0,1,NULL),
	(733,'a',0,1,NULL),
	(734,'a',0,1,NULL),
	(735,'a',0,1,NULL),
	(736,'a',0,1,NULL),
	(737,'a',0,1,NULL),
	(738,'a',0,1,NULL),
	(739,'a',0,1,NULL),
	(740,'a',0,1,NULL),
	(741,'a',0,1,NULL),
	(742,'a',0,1,NULL),
	(744,'a',0,1,NULL),
	(745,'a',0,1,NULL),
	(746,'a',0,1,NULL),
	(747,'a',0,1,NULL),
	(748,'a',0,1,NULL),
	(749,'a',0,1,NULL),
	(750,'a',0,1,NULL),
	(751,'a',0,1,NULL),
	(752,'a',0,1,NULL),
	(753,'a',0,1,NULL),
	(754,'a',0,1,NULL),
	(755,'a',0,1,NULL),
	(757,'a',0,1,NULL),
	(758,'a',0,1,NULL),
	(759,'a',0,1,NULL),
	(760,'a',0,1,NULL),
	(762,'a',0,1,NULL),
	(763,'a',0,1,NULL),
	(764,'a',0,1,NULL),
	(765,'a',0,1,NULL),
	(766,'a',0,1,NULL),
	(767,'a',0,1,NULL),
	(768,'a',0,1,NULL),
	(769,'a',0,1,NULL),
	(770,'a',0,1,NULL),
	(771,'a',0,1,NULL),
	(772,'a',0,1,NULL),
	(774,'a',0,1,NULL),
	(775,'a',0,1,NULL),
	(776,'a',0,1,NULL),
	(777,'a',0,1,NULL),
	(778,'a',0,1,NULL),
	(780,'a',0,1,NULL),
	(781,'a',0,1,NULL),
	(782,'a',0,1,NULL),
	(783,'a',0,1,NULL),
	(784,'a',0,1,NULL),
	(785,'a',0,1,NULL),
	(786,'a',0,1,NULL),
	(787,'a',0,1,NULL),
	(788,'a',0,1,NULL),
	(790,'a',0,1,NULL),
	(791,'a',0,1,NULL),
	(792,'a',0,1,NULL),
	(793,'a',0,1,NULL),
	(794,'a',0,1,NULL),
	(795,'a',0,1,NULL),
	(796,'a',0,1,NULL),
	(797,'a',0,1,NULL),
	(798,'a',0,1,NULL),
	(800,'a',0,1,NULL),
	(801,'a',0,1,NULL),
	(803,'a',0,1,NULL),
	(804,'a',0,1,NULL),
	(805,'a',0,1,NULL),
	(806,'a',0,1,NULL),
	(807,'a',0,1,NULL),
	(808,'a',0,1,NULL),
	(809,'a',0,1,NULL),
	(810,'a',0,1,NULL),
	(811,'a',0,1,NULL),
	(812,'a',0,1,NULL),
	(813,'a',0,1,NULL),
	(814,'a',0,1,NULL),
	(815,'a',0,1,NULL),
	(816,'a',0,1,NULL),
	(817,'a',0,1,NULL),
	(818,'a',0,1,NULL),
	(819,'a',0,1,NULL),
	(820,'a',0,1,NULL),
	(821,'a',0,1,NULL),
	(822,'a',0,1,NULL),
	(823,'a',0,1,NULL),
	(824,'a',0,1,NULL),
	(825,'a',0,1,NULL),
	(826,'a',0,1,NULL),
	(827,'a',0,1,NULL),
	(828,'a',0,1,NULL),
	(829,'a',0,1,NULL),
	(830,'a',0,1,NULL),
	(831,'a',0,1,NULL),
	(832,'a',0,1,NULL),
	(833,'a',0,1,NULL),
	(834,'a',0,1,NULL),
	(835,'a',0,1,NULL),
	(836,'a',0,1,NULL),
	(837,'a',0,1,NULL),
	(838,'a',0,1,NULL),
	(839,'a',0,1,NULL),
	(840,'a',0,1,NULL),
	(841,'a',0,1,NULL),
	(842,'a',0,1,NULL),
	(843,'a',0,1,NULL),
	(844,'a',0,1,NULL),
	(845,'a',0,1,NULL),
	(846,'a',0,1,NULL),
	(847,'a',0,1,NULL),
	(848,'a',0,1,NULL),
	(849,'a',0,1,NULL),
	(850,'a',0,1,NULL),
	(851,'a',0,1,NULL),
	(852,'a',0,1,NULL),
	(853,'a',0,1,NULL),
	(854,'a',0,1,NULL),
	(855,'a',0,1,NULL),
	(856,'a',0,1,NULL),
	(857,'a',0,1,NULL),
	(858,'a',0,1,NULL),
	(859,'a',0,1,NULL),
	(860,'a',0,1,NULL),
	(861,'a',0,1,NULL),
	(862,'a',0,1,NULL),
	(863,'a',0,1,NULL),
	(864,'a',0,1,NULL),
	(865,'a',0,1,NULL),
	(866,'a',0,1,NULL),
	(867,'a',0,1,NULL),
	(868,'a',0,1,NULL),
	(869,'a',0,1,NULL),
	(870,'a',0,1,NULL),
	(871,'a',0,1,NULL),
	(873,'a',0,1,NULL),
	(874,'a',0,1,NULL),
	(875,'a',0,1,NULL),
	(876,'a',0,1,NULL),
	(877,'a',0,1,NULL),
	(878,'a',0,1,NULL),
	(879,'a',0,1,NULL),
	(880,'a',0,1,NULL),
	(881,'a',0,1,NULL),
	(882,'a',0,1,NULL),
	(883,'a',0,1,NULL),
	(884,'a',0,1,NULL),
	(885,'a',0,1,NULL),
	(886,'a',0,1,NULL),
	(887,'a',0,1,NULL),
	(888,'a',0,1,NULL),
	(890,'a',0,1,NULL),
	(891,'a',0,1,NULL);

/*!40000 ALTER TABLE `INV2` ENABLE KEYS */;
UNLOCK TABLES;


# Dump of table INV4
# ------------------------------------------------------------

DROP TABLE IF EXISTS `INV4`;

CREATE TABLE `INV4` (
  `ID_PRODUCT` decimal(11,0) NOT NULL,
  `ESTATUS` varchar(1) NOT NULL,
  `ID_ORDEN` decimal(11,0) NOT NULL DEFAULT '0',
  `AMOUNT` decimal(12,0) DEFAULT NULL,
  PRIMARY KEY (`ID_PRODUCT`,`ESTATUS`,`ID_ORDEN`)
) ENGINE=InnoDB DEFAULT CHARSET=latin1;

LOCK TABLES `INV4` WRITE;
/*!40000 ALTER TABLE `INV4` DISABLE KEYS */;

INSERT INTO `INV4` (`ID_PRODUCT`, `ESTATUS`, `ID_ORDEN`, `AMOUNT`)
VALUES
	(2,'a',0,127),
	(2,'r',114,2),
	(2,'r',115,1),
	(2,'r',120,1),
	(3,'a',0,49),
	(3,'r',114,12),
	(3,'r',118,12),
	(8,'a',0,3),
	(8,'r',70,12),
	(8,'r',71,12),
	(8,'r',72,2),
	(8,'r',75,12),
	(8,'r',115,12),
	(8,'r',116,12),
	(8,'r',117,100),
	(10,'a',0,9),
	(11,'a',0,60);

/*!40000 ALTER TABLE `INV4` ENABLE KEYS */;
UNLOCK TABLES;


# Dump of table INV5
# ------------------------------------------------------------

DROP TABLE IF EXISTS `INV5`;

CREATE TABLE `INV5` (
  `ID_PRODUCT` decimal(11,0) NOT NULL,
  `ESTATUS` varchar(1) NOT NULL,
  `ID_ORDEN` decimal(11,0) NOT NULL DEFAULT '0',
  `AMOUNT` decimal(12,0) DEFAULT NULL,
  PRIMARY KEY (`ID_PRODUCT`,`ESTATUS`,`ID_ORDEN`)
) ENGINE=InnoDB DEFAULT CHARSET=latin1;

LOCK TABLES `INV5` WRITE;
/*!40000 ALTER TABLE `INV5` DISABLE KEYS */;

INSERT INTO `INV5` (`ID_PRODUCT`, `ESTATUS`, `ID_ORDEN`, `AMOUNT`)
VALUES
	(3,'a',0,980),
	(10,'a',0,5);

/*!40000 ALTER TABLE `INV5` ENABLE KEYS */;
UNLOCK TABLES;


# Dump of table INV6
# ------------------------------------------------------------

DROP TABLE IF EXISTS `INV6`;

CREATE TABLE `INV6` (
  `ID_PRODUCT` decimal(11,0) NOT NULL,
  `ESTATUS` varchar(1) NOT NULL,
  `ID_ORDEN` decimal(11,0) NOT NULL DEFAULT '0',
  `AMOUNT` decimal(12,0) DEFAULT NULL,
  PRIMARY KEY (`ID_PRODUCT`,`ESTATUS`,`ID_ORDEN`)
) ENGINE=InnoDB DEFAULT CHARSET=latin1;



# Dump of table INV7
# ------------------------------------------------------------

DROP TABLE IF EXISTS `INV7`;

CREATE TABLE `INV7` (
  `ID_PRODUCT` decimal(11,0) NOT NULL,
  `ESTATUS` varchar(1) NOT NULL,
  `ID_ORDEN` decimal(11,0) NOT NULL DEFAULT '0',
  `AMOUNT` decimal(12,0) DEFAULT NULL,
  PRIMARY KEY (`ID_PRODUCT`,`ESTATUS`,`ID_ORDEN`)
) ENGINE=InnoDB DEFAULT CHARSET=latin1;



# Dump of table MONEDAS
# ------------------------------------------------------------

DROP TABLE IF EXISTS `MONEDAS`;

CREATE TABLE `MONEDAS` (
  `id` int(11) unsigned NOT NULL AUTO_INCREMENT,
  `NOMBRE` varchar(30) DEFAULT NULL,
  `SIMBOLO` varchar(10) DEFAULT NULL,
  PRIMARY KEY (`id`)
) ENGINE=InnoDB DEFAULT CHARSET=latin1;

LOCK TABLES `MONEDAS` WRITE;
/*!40000 ALTER TABLE `MONEDAS` DISABLE KEYS */;

INSERT INTO `MONEDAS` (`id`, `NOMBRE`, `SIMBOLO`)
VALUES
	(1,'Quetzal','Q'),
	(2,'Dolares Americanos','US$'),
	(3,'Pesos','$');

/*!40000 ALTER TABLE `MONEDAS` ENABLE KEYS */;
UNLOCK TABLES;


# Dump of table MOTIVOS
# ------------------------------------------------------------

DROP TABLE IF EXISTS `MOTIVOS`;

CREATE TABLE `MOTIVOS` (
  `id` int(11) unsigned NOT NULL AUTO_INCREMENT,
  `DESCRIPCION` varchar(300) DEFAULT NULL,
  PRIMARY KEY (`id`)
) ENGINE=InnoDB DEFAULT CHARSET=latin1;

LOCK TABLES `MOTIVOS` WRITE;
/*!40000 ALTER TABLE `MOTIVOS` DISABLE KEYS */;

INSERT INTO `MOTIVOS` (`id`, `DESCRIPCION`)
VALUES
	(1,'Enfermedad'),
	(2,'Personal'),
	(3,'Vacaciones');

/*!40000 ALTER TABLE `MOTIVOS` ENABLE KEYS */;
UNLOCK TABLES;


# Dump of table MOTIVOS_DE_DESCUENTO
# ------------------------------------------------------------

DROP TABLE IF EXISTS `MOTIVOS_DE_DESCUENTO`;

CREATE TABLE `MOTIVOS_DE_DESCUENTO` (
  `id` int(11) unsigned NOT NULL AUTO_INCREMENT,
  `DESCRIPCION` varchar(300) DEFAULT NULL,
  PRIMARY KEY (`id`)
) ENGINE=InnoDB DEFAULT CHARSET=latin1;

LOCK TABLES `MOTIVOS_DE_DESCUENTO` WRITE;
/*!40000 ALTER TABLE `MOTIVOS_DE_DESCUENTO` DISABLE KEYS */;

INSERT INTO `MOTIVOS_DE_DESCUENTO` (`id`, `DESCRIPCION`)
VALUES
	(1,'Producto Daado'),
	(2,'Cambio de Producto'),
	(3,'Producto Humedo');

/*!40000 ALTER TABLE `MOTIVOS_DE_DESCUENTO` ENABLE KEYS */;
UNLOCK TABLES;


# Dump of table MUNICIPIOS
# ------------------------------------------------------------

DROP TABLE IF EXISTS `MUNICIPIOS`;

CREATE TABLE `MUNICIPIOS` (
  `id` int(11) unsigned NOT NULL AUTO_INCREMENT,
  `DESCRIPCION` varchar(300) DEFAULT '',
  PRIMARY KEY (`id`)
) ENGINE=InnoDB DEFAULT CHARSET=latin1;

LOCK TABLES `MUNICIPIOS` WRITE;
/*!40000 ALTER TABLE `MUNICIPIOS` DISABLE KEYS */;

INSERT INTO `MUNICIPIOS` (`id`, `DESCRIPCION`)
VALUES
	(2,'Villa Canales'),
	(3,'Fraijanes'),
	(4,'Mixco');

/*!40000 ALTER TABLE `MUNICIPIOS` ENABLE KEYS */;
UNLOCK TABLES;


# Dump of table OPCIONES
# ------------------------------------------------------------

DROP TABLE IF EXISTS `OPCIONES`;

CREATE TABLE `OPCIONES` (
  `id` int(11) unsigned NOT NULL AUTO_INCREMENT,
  `DESCRIPCION` varchar(15) DEFAULT NULL,
  PRIMARY KEY (`id`)
) ENGINE=InnoDB DEFAULT CHARSET=latin1;

LOCK TABLES `OPCIONES` WRITE;
/*!40000 ALTER TABLE `OPCIONES` DISABLE KEYS */;

INSERT INTO `OPCIONES` (`id`, `DESCRIPCION`)
VALUES
	(1,'AGREGAR'),
	(2,'MODIFICAR'),
	(3,'ELIMINAR'),
	(4,'VER'),
	(5,'ARCHIVOS'),
	(6,'DETALLE'),
	(7,'PRECIOS'),
	(8,'CREDITOS'),
	(9,'TP-Efectivo'),
	(10,'TP-Credito'),
	(11,'TP-Tarjeta'),
	(12,'TP-Cheque'),
	(13,'RPT-Valorizado');

/*!40000 ALTER TABLE `OPCIONES` ENABLE KEYS */;
UNLOCK TABLES;


# Dump of table OPCIONESXPROGRAMA
# ------------------------------------------------------------

DROP TABLE IF EXISTS `OPCIONESXPROGRAMA`;

CREATE TABLE `OPCIONESXPROGRAMA` (
  `id` int(11) unsigned NOT NULL AUTO_INCREMENT,
  `ID_PROGRAMA` int(11) DEFAULT NULL,
  `ID_OPCION` int(11) DEFAULT NULL,
  `ID_ROL` int(11) DEFAULT NULL,
  PRIMARY KEY (`id`)
) ENGINE=InnoDB DEFAULT CHARSET=latin1;

LOCK TABLES `OPCIONESXPROGRAMA` WRITE;
/*!40000 ALTER TABLE `OPCIONESXPROGRAMA` DISABLE KEYS */;

INSERT INTO `OPCIONESXPROGRAMA` (`id`, `ID_PROGRAMA`, `ID_OPCION`, `ID_ROL`)
VALUES
	(19,6,1,1),
	(20,6,2,1),
	(21,6,3,1),
	(22,6,4,1),
	(32,2,4,0),
	(35,2,1,0),
	(36,2,2,0),
	(37,2,3,0),
	(38,7,4,0),
	(39,7,1,0),
	(40,7,2,0),
	(41,7,3,0),
	(44,1,4,4),
	(46,8,4,0),
	(47,8,1,0),
	(48,8,2,0),
	(49,8,3,0),
	(50,9,1,0),
	(51,9,2,0),
	(52,9,3,0),
	(53,9,4,0),
	(54,9,6,0),
	(55,6,7,9),
	(56,6,8,9),
	(57,6,9,9),
	(58,5,0,0),
	(59,5,1,0),
	(60,5,2,0),
	(66,10,1,0),
	(67,11,1,0),
	(68,11,2,0),
	(69,11,3,0),
	(70,11,4,0),
	(71,5,3,0),
	(72,1,1,0),
	(73,1,2,0),
	(74,1,3,0),
	(75,1,4,0),
	(76,12,1,0),
	(77,12,2,0),
	(78,12,3,0),
	(79,12,4,0),
	(80,13,1,0),
	(81,13,2,0),
	(82,13,3,0),
	(83,13,4,0),
	(84,14,1,0),
	(85,14,2,0),
	(86,14,3,0),
	(87,14,4,0),
	(88,15,1,0),
	(89,15,2,0),
	(90,15,3,0),
	(91,5,4,0),
	(92,16,1,0),
	(93,16,2,0),
	(94,16,3,0),
	(95,17,1,0),
	(97,17,3,0),
	(98,18,1,0),
	(99,18,2,0),
	(100,18,3,0),
	(101,19,1,0),
	(102,19,2,0),
	(103,19,3,0),
	(104,22,1,0),
	(105,22,2,0),
	(106,22,3,0),
	(107,23,1,0),
	(108,23,2,0),
	(109,23,3,0),
	(110,23,4,0),
	(111,24,1,0),
	(113,6,7,0),
	(114,6,8,0),
	(115,3,1,0),
	(116,3,2,0),
	(118,29,4,0),
	(120,27,4,0),
	(121,26,4,0),
	(122,28,4,0),
	(123,25,4,0),
	(124,35,4,0),
	(125,31,4,0),
	(126,34,4,-1),
	(127,34,4,0),
	(128,32,4,0),
	(129,33,4,0),
	(130,36,4,0),
	(131,4,1,0),
	(132,4,2,0),
	(133,4,3,0),
	(134,4,4,0),
	(135,37,1,0),
	(171,20,1,0),
	(180,29,4,15),
	(181,28,4,2),
	(182,40,4,2),
	(183,40,4,0),
	(184,43,4,0),
	(185,38,4,0),
	(186,45,1,0),
	(187,53,4,0),
	(188,51,1,0),
	(189,44,4,0),
	(194,54,4,0),
	(196,54,13,0),
	(197,55,4,0),
	(198,36,9,0),
	(199,56,4,0),
	(200,57,4,0),
	(201,57,13,0);

/*!40000 ALTER TABLE `OPCIONESXPROGRAMA` ENABLE KEYS */;
UNLOCK TABLES;


# Dump of table ORDENES
# ------------------------------------------------------------

DROP TABLE IF EXISTS `ORDENES`;

CREATE TABLE `ORDENES` (
  `id` int(11) unsigned NOT NULL AUTO_INCREMENT,
  `FECHA` timestamp NULL DEFAULT NULL,
  `ID_CLIENTE` int(11) DEFAULT NULL,
  `ID_BODEGA` int(11) DEFAULT NULL,
  `MONTO` double(15,2) DEFAULT NULL,
  `ID_USUARIO` int(11) DEFAULT NULL,
  `ULTIMA_MODIFICACION` timestamp NULL DEFAULT NULL,
  `ESTADO` varchar(1) DEFAULT NULL,
  `UID` varchar(100) DEFAULT NULL,
  `ID_PUNTO_VENTA` int(11) DEFAULT NULL,
  `NAME` varchar(300) DEFAULT NULL,
  PRIMARY KEY (`id`)
) ENGINE=InnoDB DEFAULT CHARSET=latin1;

LOCK TABLES `ORDENES` WRITE;
/*!40000 ALTER TABLE `ORDENES` DISABLE KEYS */;

INSERT INTO `ORDENES` (`id`, `FECHA`, `ID_CLIENTE`, `ID_BODEGA`, `MONTO`, `ID_USUARIO`, `ULTIMA_MODIFICACION`, `ESTADO`, `UID`, `ID_PUNTO_VENTA`, `NAME`)
VALUES
	(80,'2016-02-23 21:49:21',3,2,168.50,1,'2016-02-23 21:49:50','P','3-77acdf1f-abbd-4d6f-a6b7-cebfd2e21aa3',1,NULL),
	(81,'2016-02-23 21:51:51',3,2,674.00,1,'2016-02-23 21:52:13','P','3-7f8be97d-4d53-42d8-ae36-872be07a2bc4',1,NULL),
	(82,'2016-02-23 21:55:37',1,2,505.50,2,'2016-02-23 22:30:28','P','1-98bb2832-d999-46ba-86b6-48f62d9d108f',1,NULL),
	(83,'2016-02-23 23:04:26',2,2,168.50,2,'2016-02-24 23:36:47','P','2-2e1b3d4d-e848-4154-8375-a5cfc9ace64d',1,NULL),
	(84,'2016-02-24 23:37:53',3,2,168.50,2,'2016-02-24 23:38:02','P','3-7a1589a7-2802-400c-b3b5-f7da0ec736d9',1,NULL),
	(85,'2016-02-28 21:32:27',1,2,168.50,2,'2016-02-28 21:33:13','P','1-e8e9ec07-b93e-4005-be83-1e92d4e05dde',1,NULL),
	(86,'2016-02-28 21:39:02',2,2,337.00,2,'2016-02-28 21:39:39','P','2-67ab2732-b0b8-4095-92f1-ea3f6d984ac0',1,NULL),
	(87,'2016-02-28 22:13:16',3,2,505.50,2,'2016-02-28 22:14:08','P','3-c8738737-a56b-442e-8011-62da0d443461',1,NULL),
	(88,'2016-02-28 22:13:31',5,2,674.00,2,'2016-02-28 22:14:33','P','5-e3222274-2953-4665-a744-9ba8d62b3765',1,NULL),
	(89,'2016-02-28 22:14:56',3,2,168.50,2,'2016-02-28 22:15:09','P','3-d1e99589-e157-44b8-b38d-eb03ad78312c',1,NULL),
	(90,'2016-03-10 17:01:49',8,2,168.50,2,'2016-03-10 17:02:27','P','8-40695be4-45a4-40ae-8c2e-34ec3dadc431',1,NULL),
	(91,'2016-03-10 17:08:16',8,2,337.00,2,'2016-03-10 17:08:53','P','8-359b4a36-dc59-4fb4-a6a5-df4e8cc9c765',1,NULL),
	(92,'2016-03-13 17:20:28',3,2,168.50,3,'2016-03-14 22:31:48','P','3-b7c6d791-239a-4e4c-9c56-71619e537236',2,NULL),
	(93,'2016-03-14 23:06:31',3,2,168.50,2,'2016-03-14 23:06:46','P','3-fa7593fc-432e-4ee4-b7a1-3b499322dad2',2,NULL),
	(94,'2016-03-20 21:31:24',3,2,168.50,2,'2016-03-20 21:31:48','P','3-494b4fea-7e02-4384-88d0-fd7af66f0d1a',1,NULL),
	(95,'2016-03-20 21:36:45',3,2,168.50,2,'2016-03-20 21:37:17','P','3-0724153e-abfc-475f-93cc-1191ef96b310',1,NULL),
	(96,'2016-03-21 20:50:56',3,2,168.50,2,'2016-04-01 22:13:13','P','3-e306a778-62c6-4592-8976-b1cbaea0590a',1,NULL),
	(97,'2016-05-17 21:20:54',1,2,168.50,2,NULL,'P','1-e62fc344-3344-4052-8875-fc968c88c145',1,NULL),
	(98,'2016-05-17 21:30:12',5,2,168.50,2,NULL,'P','5-c33acae7-c7f6-4e69-9f93-5b5dba4e597e',1,NULL),
	(99,'2016-05-17 21:30:46',1,2,9.00,2,NULL,'P','1-baf229ce-b7d0-459c-91ce-866d02b42d5c',1,NULL),
	(100,'2016-05-17 21:41:22',5,2,337.00,2,NULL,'P','5-e0405c9f-544d-4842-ac0d-2cadd503a8e4',1,NULL),
	(101,'2016-05-17 21:50:53',1,2,168.50,2,NULL,'P','1-7ae08e3c-d3ff-4697-b9e9-72aa40042fec',1,NULL),
	(102,'2016-05-17 21:51:30',2,2,9.00,2,NULL,'P','2-904f1931-9c41-4ca6-bbd1-543554535c7f',1,NULL),
	(103,'2016-05-17 21:57:53',5,2,168.50,2,NULL,'P','5-0b145195-e420-4356-9f8c-025cbe5bb32e',1,NULL),
	(104,'2016-05-22 17:17:20',5,2,500.00,4,NULL,'P','5-51cff700-3be2-4948-9e76-322372babe6a',1,NULL),
	(105,'2016-05-24 18:28:49',1,2,500.00,2,NULL,'P','1-f3b0198e-59c5-4b4c-904b-f3e98d662ade',1,NULL),
	(106,'2016-05-24 19:02:11',5,2,509.00,2,NULL,'P','5-57bce6ed-f750-43f4-bea4-4347d754c4fe',1,NULL),
	(107,'2016-05-27 12:28:39',1,2,168.50,2,'2016-05-27 12:34:36','P','1-3e3f6260-1a57-4c1b-a4ad-87958e58288c',1,NULL),
	(108,'2016-05-31 12:20:38',2,2,168.50,2,NULL,'P','2-cda2128c-e697-427a-88b5-8fc922abfff2',1,NULL),
	(109,'2016-05-31 12:20:53',1,2,9.00,2,NULL,'P','1-ac1c2639-5e52-47cf-bf8c-129f3f683405',1,NULL),
	(110,'2016-05-31 12:22:08',5,2,500.00,2,NULL,'P','5-f9e30b5e-696a-456a-888c-efee36c96499',1,NULL),
	(111,'2016-05-31 13:02:29',1,2,13.50,2,NULL,'P','1-8b9f979b-97c9-4df0-8bed-b213ccff6515',1,NULL),
	(112,'2016-05-31 15:03:55',5,2,168.50,2,NULL,'P','5-b51339e7-fbdb-42b5-8ded-0bd172faaf88',1,NULL),
	(113,'2016-05-31 16:21:53',3,2,509.00,2,NULL,'P','3-cce5cdc5-ba8a-425f-be59-1821afd5ed55',1,NULL),
	(114,'2016-05-31 16:40:43',1,4,3022.00,4,'2016-05-31 17:00:52','P','1-f8502145-cfeb-4b30-9b91-2ed8a1743832',1,NULL),
	(115,'2016-05-31 17:10:16',1,4,2501.00,4,'2016-05-31 17:17:56','P','1-ff60dbb5-e3f3-4ab8-87bf-75e7c2be649b',1,NULL),
	(116,'2016-05-31 17:10:29',2,4,2001.00,4,'2016-05-31 17:18:20','P','2-235a80d3-647f-4778-bfb2-9a3523cd7657',1,NULL),
	(117,'2016-05-31 17:17:26',3,4,16675.00,4,'2016-05-31 17:27:25','P','3-57e789a7-6ded-4e2b-a57d-56a8cbcac8e0',1,NULL),
	(118,'2016-05-31 17:17:42',2,4,1515.00,4,'2016-05-31 17:19:49','P','2-69177660-e758-48b1-98c2-79e433ae0835',1,NULL),
	(119,'2016-05-31 22:36:08',1,2,500.00,6,'2016-06-01 12:44:08','C','1-f772eeb4-34fd-4646-863a-9c9170a17674',1,NULL),
	(120,'2016-06-01 22:11:34',12,4,500.00,2,'2016-06-20 23:03:20','P','12-b86c22d9-5fc5-499f-bf33-94221fb466b4',1,NULL),
	(121,'2016-06-20 21:34:17',1,2,168.50,2,'2016-06-20 23:28:52','P','1-7eee3bee-93a9-440e-bc3c-a61220271a6e',1,NULL),
	(122,'2016-06-20 23:18:19',12,2,2022.00,2,'2016-06-20 23:18:32','P','12-8b1d6ad0-30d3-430c-9bfb-56278c09e869',1,NULL),
	(123,'2016-06-20 23:18:58',12,2,428.75,2,'2016-06-20 23:20:50','P','12-cfd11254-9e5a-4fb6-8b09-533b6407d4a1',1,NULL),
	(124,'2016-06-20 23:26:39',1,2,375.00,2,'2016-06-20 23:29:04','P','1-182537a1-5d36-4dd7-9431-a9fdddf410e5',1,NULL),
	(125,'2016-06-20 23:27:08',1,2,675.00,2,'2016-06-20 23:33:50','P','1-c65d0361-442a-48e7-93d3-ac5b907c657e',1,NULL),
	(126,'2016-06-20 23:57:15',1,2,500.00,2,'2016-06-20 23:57:30','P','1-b2790678-3778-4ba5-bd84-f9ca124d63ab',1,NULL),
	(127,'2016-06-21 17:35:46',9,2,9.00,2,'2016-06-21 17:49:50','P','9-8abdefe2-56fb-4621-828f-7ac372954d45',1,NULL),
	(128,'2016-06-21 17:45:24',1,2,2022.00,2,'2016-06-21 17:47:57','P','1-84e102a6-ca9f-469f-8cc4-ec44028a09a2',1,NULL),
	(129,'2016-07-05 14:22:30',1,2,857.50,2,'2016-07-05 14:23:23','P','1-688e53ec-9155-46eb-a7cd-4e94f1194f5b',1,NULL),
	(130,'2016-07-05 14:22:58',1,2,667.00,2,'2016-07-05 14:23:33','P','1-a007af09-d980-4af8-9ae8-934cd7b3132c',1,NULL),
	(131,'2016-07-05 23:06:39',8,2,1800.00,2,'2016-07-05 23:07:52','P','8-96cc78b2-9766-4f60-8408-2cec8418916f',1,NULL),
	(132,'2016-07-05 23:09:13',12,2,168.50,2,'2016-07-05 23:09:35','P','12-6934d113-1792-414c-95b9-b6a26302cf20',1,NULL),
	(133,'2016-07-07 22:06:35',12,2,276.00,2,'2016-07-12 00:04:01','P','12-91af0d1f-f369-4dcf-ae3d-5a3431e8bd6e',1,NULL),
	(134,'2016-07-11 00:00:00',1,2,16500.00,2,'2016-07-12 14:59:21','P','1-98d04831-ccef-40df-97ec-3b268c4f77cf',1,NULL),
	(135,'2016-07-12 21:25:46',1,2,14374.50,2,'2016-07-12 21:28:38','P','1-afc04f81-d07f-46c2-a31d-38180dbce639',1,NULL),
	(136,'2016-07-12 22:05:23',4,2,143.00,2,'2016-07-12 22:12:07','P','4-87dfd6a5-4e5f-47b2-9c05-1661de31a8e0',1,NULL),
	(137,'2016-07-12 22:50:28',8,2,10512.50,2,'2016-07-12 22:50:46','P','8-05840c44-9dae-4345-b8bb-c4ded54c554c',1,NULL),
	(138,'2016-07-12 23:25:00',1,2,500.00,2,'2016-07-17 16:44:44','P','1-d1c42be5-8c66-4505-ba28-685f97eb7ee9',1,NULL),
	(139,'2016-07-12 23:25:13',2,2,2001.00,2,'2016-07-17 17:30:39','P','2-7bae080a-277d-402c-be0d-acdd577bbe1b',1,NULL),
	(140,'2016-07-17 17:37:43',2,2,180.25,2,'2016-07-17 17:39:10','P','2-53d47b62-4d08-48a8-95ca-be434af074be',1,NULL),
	(141,'2016-07-17 23:34:41',3,2,500.00,2,'2016-07-17 23:35:41','P','3-7ff392f3-4d7e-40f6-8c4a-91b931d4a9ae',1,NULL),
	(142,'2016-07-21 21:20:59',10,2,168.50,2,'2016-07-22 22:31:30','P','10-e677ff2d-c7bb-43b3-ba47-87a5c820845a',1,NULL),
	(143,'2016-07-22 22:24:21',12,2,168.50,2,'2016-07-26 13:27:28','P','12-fa07d850-dc99-45d9-9d3e-dc57a3c8ea6d',1,NULL),
	(144,'2016-08-11 19:45:46',1,2,2240.00,2,'2016-08-11 19:46:19','P','1-b7398709-1867-4aee-92e7-21791e223f3e',1,NULL),
	(145,'2017-01-14 11:24:05',3,2,3500.00,2,NULL,'I','3-7841da24-75c8-4f78-aa1f-a5678f8dc7ff',1,NULL),
	(146,'2017-01-25 21:30:11',0,2,168.50,2,NULL,'I','0-99f3b187-bed7-44cd-8433-f43e6eb98210',1,'Alejandro'),
	(147,'2017-01-25 21:36:40',1,2,168.50,2,NULL,'I','1-9db2c62f-75b9-449b-bde1-3b1c92cd0f3a',1,''),
	(148,'2017-02-12 18:30:06',0,2,168.50,2,NULL,'I','0-6f40a904-ea1d-4abb-9f6d-460d010fb31f',1,'nombre en pedido');

/*!40000 ALTER TABLE `ORDENES` ENABLE KEYS */;
UNLOCK TABLES;


# Dump of table ORDENESDETALLE
# ------------------------------------------------------------

DROP TABLE IF EXISTS `ORDENESDETALLE`;

CREATE TABLE `ORDENESDETALLE` (
  `id` int(11) unsigned NOT NULL AUTO_INCREMENT,
  `ID_ORDEN` int(11) DEFAULT NULL,
  `ID_PRODUCTO` int(11) DEFAULT NULL,
  `PRECIO_UNITARIO` double(15,2) DEFAULT NULL,
  `CANTIDAD` int(11) DEFAULT NULL,
  `TOTAL` double(15,2) DEFAULT NULL,
  PRIMARY KEY (`id`)
) ENGINE=InnoDB DEFAULT CHARSET=latin1;

LOCK TABLES `ORDENESDETALLE` WRITE;
/*!40000 ALTER TABLE `ORDENESDETALLE` DISABLE KEYS */;

INSERT INTO `ORDENESDETALLE` (`id`, `ID_ORDEN`, `ID_PRODUCTO`, `PRECIO_UNITARIO`, `CANTIDAD`, `TOTAL`)
VALUES
	(99,80,3,168.50,1,168.50),
	(100,81,3,168.50,1,168.50),
	(101,81,3,168.50,3,505.50),
	(102,82,3,168.50,1,168.50),
	(103,82,3,168.50,2,337.00),
	(104,83,3,168.50,1,168.50),
	(105,84,3,168.50,1,168.50),
	(106,85,3,168.50,1,168.50),
	(107,86,3,168.50,2,337.00),
	(108,87,3,168.50,3,505.50),
	(109,88,3,168.50,4,674.00),
	(110,89,3,168.50,1,168.50),
	(111,90,3,168.50,1,168.50),
	(112,91,3,168.50,2,337.00),
	(113,92,3,168.50,1,168.50),
	(114,93,3,168.50,1,168.50),
	(115,94,3,168.50,1,168.50),
	(116,95,3,168.50,1,168.50),
	(117,96,3,168.50,1,168.50),
	(118,97,3,168.50,1,168.50),
	(119,98,3,168.50,1,168.50),
	(120,99,7,0.75,12,9.00),
	(121,100,3,168.50,2,337.00),
	(122,101,3,168.50,1,168.50),
	(123,102,7,0.75,12,9.00),
	(124,103,3,168.50,1,168.50),
	(125,104,2,500.00,1,500.00),
	(126,105,2,500.00,1,500.00),
	(127,106,7,0.75,12,9.00),
	(128,106,2,500.00,1,500.00),
	(129,107,3,168.50,1,168.50),
	(130,108,3,168.50,1,168.50),
	(131,109,7,0.75,12,9.00),
	(132,110,2,500.00,1,500.00),
	(133,111,11,13.50,1,13.50),
	(134,112,3,168.50,1,168.50),
	(135,113,7,0.75,12,9.00),
	(136,113,2,500.00,1,500.00),
	(137,114,2,500.00,2,1000.00),
	(138,114,3,168.50,12,2022.00),
	(139,115,2,500.00,1,500.00),
	(140,115,8,166.75,12,2001.00),
	(141,116,8,166.75,12,2001.00),
	(142,117,8,166.75,100,16675.00),
	(143,118,3,126.25,12,1515.00),
	(144,119,2,500.00,1,500.00),
	(145,120,2,500.00,1,500.00),
	(146,121,3,168.50,1,168.50),
	(147,122,3,168.50,12,2022.00),
	(148,123,2,428.75,1,428.75),
	(149,124,2,375.00,1,375.00),
	(150,125,11,13.50,50,675.00),
	(151,126,2,500.00,1,500.00),
	(152,127,7,0.75,12,9.00),
	(153,128,3,168.50,12,2022.00),
	(154,129,2,428.75,2,857.50),
	(155,130,9,166.75,3,500.25),
	(156,130,8,166.75,1,166.75),
	(157,131,3,150.00,12,1800.00),
	(158,132,3,168.50,1,168.50),
	(159,133,11,11.50,24,276.00),
	(160,134,8,125.00,120,15000.00),
	(161,134,2,500.00,3,1500.00),
	(162,135,7,0.75,12,9.00),
	(163,135,8,166.75,12,2001.00),
	(164,135,3,168.50,1,168.50),
	(165,135,2,500.00,1,500.00),
	(166,135,11,13.50,1,13.50),
	(167,135,12,222.25,1,222.25),
	(168,135,7,0.75,12,9.00),
	(169,135,7,0.75,12,9.00),
	(170,135,7,0.75,12,9.00),
	(171,135,8,166.75,12,2001.00),
	(172,135,3,168.50,1,168.50),
	(173,135,10,20.00,1,20.00),
	(174,135,11,13.50,1,13.50),
	(175,135,12,222.25,1,222.25),
	(176,135,3,168.50,1,168.50),
	(177,135,7,0.75,12,9.00),
	(178,135,3,168.50,1,168.50),
	(179,135,8,166.75,12,2001.00),
	(180,135,7,0.75,12,9.00),
	(181,135,8,166.75,12,2001.00),
	(182,135,7,0.75,12,9.00),
	(183,135,8,166.75,12,2001.00),
	(184,135,7,0.75,12,9.00),
	(185,135,7,0.75,12,9.00),
	(186,135,7,0.75,12,9.00),
	(187,135,8,166.75,12,2001.00),
	(188,135,3,168.50,1,168.50),
	(189,135,12,222.25,1,222.25),
	(190,135,12,222.25,1,222.25),
	(191,136,8,143.00,1,143.00),
	(192,137,3,168.50,1,168.50),
	(193,137,2,500.00,1,500.00),
	(194,137,11,13.50,1,13.50),
	(195,137,10,20.00,1,20.00),
	(196,137,3,168.50,1,168.50),
	(197,137,8,166.75,12,2001.00),
	(198,137,12,222.25,1,222.25),
	(199,137,11,13.50,1,13.50),
	(200,137,12,222.25,1,222.25),
	(201,137,3,168.50,1,168.50),
	(202,137,2,500.00,1,500.00),
	(203,137,8,166.75,12,2001.00),
	(204,137,8,166.75,12,2001.00),
	(205,137,8,166.75,12,2001.00),
	(206,137,12,222.25,1,222.25),
	(207,137,11,13.50,1,13.50),
	(208,137,10,20.00,1,20.00),
	(209,137,10,20.00,1,20.00),
	(210,137,11,13.50,1,13.50),
	(211,137,12,222.25,1,222.25),
	(212,138,2,500.00,1,500.00),
	(213,139,8,166.75,12,2001.00),
	(214,140,11,13.50,1,13.50),
	(215,140,8,166.75,1,166.75),
	(216,141,2,500.00,1,500.00),
	(217,142,3,168.50,1,168.50),
	(218,143,3,168.50,1,168.50),
	(219,144,11,10.00,24,240.00),
	(220,144,10,20.00,100,2000.00),
	(221,145,2,500.00,7,3500.00),
	(222,146,3,168.50,1,168.50),
	(223,147,3,168.50,1,168.50),
	(224,148,3,168.50,1,168.50);

/*!40000 ALTER TABLE `ORDENESDETALLE` ENABLE KEYS */;
UNLOCK TABLES;


# Dump of table PACKINGS
# ------------------------------------------------------------

DROP TABLE IF EXISTS `PACKINGS`;

CREATE TABLE `PACKINGS` (
  `id` int(11) unsigned NOT NULL AUTO_INCREMENT,
  `NOMBRE` varchar(255) DEFAULT NULL,
  `MULTIPLICADOR` int(11) DEFAULT NULL,
  `ID_PRODUCTO` int(11) DEFAULT NULL,
  PRIMARY KEY (`id`)
) ENGINE=InnoDB DEFAULT CHARSET=latin1;

LOCK TABLES `PACKINGS` WRITE;
/*!40000 ALTER TABLE `PACKINGS` DISABLE KEYS */;

INSERT INTO `PACKINGS` (`id`, `NOMBRE`, `MULTIPLICADOR`, `ID_PRODUCTO`)
VALUES
	(1,'Docena',12,1),
	(3,'Docena',12,8),
	(4,'Fardo (100)',100,8),
	(5,'Unidad',1,8),
	(6,'Docena',12,7),
	(7,'Unidad',1,9),
	(8,'Fardo (120)',120,8),
	(9,'Fardo',4,9),
	(10,'Fardo (6)',6,9),
	(11,'Unidad',1,3),
	(12,'Unidad',1,2),
	(13,'Unidad',1,10),
	(14,'Docena',12,10),
	(15,'Fardo (100)',100,10),
	(16,'Fardo (120)',120,10),
	(17,'Docena',12,3),
	(18,'Fardo',100,3),
	(19,'UNIDAD',1,11),
	(20,'Fardo',50,11),
	(21,'Caja',24,11),
	(22,'unidad',1,12);

/*!40000 ALTER TABLE `PACKINGS` ENABLE KEYS */;
UNLOCK TABLES;


# Dump of table PAGOS_ORDENES
# ------------------------------------------------------------

DROP TABLE IF EXISTS `PAGOS_ORDENES`;

CREATE TABLE `PAGOS_ORDENES` (
  `id` int(11) unsigned NOT NULL AUTO_INCREMENT,
  `ID_ORDEN` int(11) DEFAULT NULL,
  `FECHA` timestamp NULL DEFAULT NULL,
  `MONTO` double(15,2) DEFAULT NULL,
  `TIPO_PAGO` varchar(10) DEFAULT NULL,
  `NO_AUTORIZACION` varchar(255) DEFAULT NULL,
  `NO_CHEQUE` varchar(255) DEFAULT NULL,
  `ID_BANCO` int(11) DEFAULT NULL,
  `TIPO_TARJETA` varchar(255) DEFAULT NULL,
  `NO_TARJETA` varchar(255) DEFAULT NULL,
  `ID_USUARIO` int(11) DEFAULT NULL,
  `ID_PUNTO_VENTA` int(11) DEFAULT NULL,
  `ID_CAJA_PUNTO_VENTA` int(11) DEFAULT NULL,
  `CERRADO` tinyint(1) DEFAULT NULL,
  `ID_CIERRE` int(11) DEFAULT NULL,
  `ID_CUPON` int(11) DEFAULT NULL,
  PRIMARY KEY (`id`)
) ENGINE=InnoDB DEFAULT CHARSET=latin1;

LOCK TABLES `PAGOS_ORDENES` WRITE;
/*!40000 ALTER TABLE `PAGOS_ORDENES` DISABLE KEYS */;

INSERT INTO `PAGOS_ORDENES` (`id`, `ID_ORDEN`, `FECHA`, `MONTO`, `TIPO_PAGO`, `NO_AUTORIZACION`, `NO_CHEQUE`, `ID_BANCO`, `TIPO_TARJETA`, `NO_TARJETA`, `ID_USUARIO`, `ID_PUNTO_VENTA`, `ID_CAJA_PUNTO_VENTA`, `CERRADO`, `ID_CIERRE`, `ID_CUPON`)
VALUES
	(1,24,'2016-01-06 10:20:47',100.00,'efectivo',NULL,NULL,0,NULL,NULL,2,NULL,NULL,NULL,NULL,NULL),
	(2,40,'2016-01-06 22:24:28',25.00,'efectivo',NULL,NULL,0,NULL,NULL,2,NULL,NULL,NULL,NULL,NULL),
	(3,41,'2016-01-06 22:33:23',37.50,'efectivo',NULL,NULL,0,NULL,NULL,2,NULL,NULL,NULL,NULL,NULL),
	(4,42,'2016-01-06 22:43:56',16.75,'efectivo',NULL,NULL,0,NULL,NULL,2,NULL,NULL,NULL,NULL,NULL),
	(5,43,'2016-01-07 20:20:59',16.75,'credito',NULL,NULL,0,NULL,NULL,2,NULL,NULL,NULL,NULL,NULL),
	(6,44,'2016-01-07 21:37:38',16.75,'credito',NULL,NULL,0,NULL,NULL,2,NULL,NULL,NULL,NULL,NULL),
	(7,50,'2016-01-07 21:53:48',16.75,'credito',NULL,NULL,0,NULL,NULL,2,NULL,NULL,NULL,NULL,NULL),
	(8,49,'2016-01-07 22:08:49',16.75,'credito',NULL,NULL,0,NULL,NULL,2,NULL,NULL,NULL,NULL,NULL),
	(9,57,'2016-01-17 22:45:47',668.50,'efectivo',NULL,NULL,0,NULL,NULL,2,NULL,NULL,NULL,NULL,NULL),
	(10,59,'2016-02-12 17:50:07',9.00,'efectivo',NULL,NULL,0,NULL,NULL,2,NULL,NULL,NULL,NULL,NULL),
	(11,60,'2016-02-12 17:51:44',18.00,'credito',NULL,NULL,0,NULL,NULL,2,NULL,NULL,NULL,NULL,NULL),
	(12,61,'2016-02-12 17:55:36',36.00,'efectivo',NULL,NULL,0,NULL,NULL,2,NULL,NULL,NULL,NULL,NULL),
	(13,58,'2016-02-12 19:38:29',111.00,'efectivo',NULL,NULL,0,NULL,NULL,2,NULL,NULL,NULL,NULL,NULL),
	(14,63,'2016-02-12 20:58:47',177.50,'efectivo',NULL,NULL,0,NULL,NULL,2,NULL,NULL,NULL,NULL,NULL),
	(15,62,'2016-02-12 20:59:00',9.00,'efectivo',NULL,NULL,0,NULL,NULL,2,NULL,NULL,NULL,NULL,NULL),
	(16,64,'2016-02-13 08:51:28',668.50,'efectivo',NULL,NULL,0,NULL,NULL,2,NULL,NULL,NULL,NULL,NULL),
	(17,65,'2016-02-13 08:53:15',168.50,'efectivo',NULL,NULL,0,NULL,NULL,2,NULL,NULL,NULL,NULL,NULL),
	(18,66,'2016-02-13 08:57:00',500.00,'efectivo',NULL,NULL,0,NULL,NULL,2,NULL,NULL,NULL,NULL,NULL),
	(19,67,'2016-02-13 09:15:06',168.50,'efectivo',NULL,NULL,0,NULL,NULL,2,NULL,NULL,NULL,NULL,NULL),
	(20,68,'2016-02-13 09:16:59',168.50,'efectivo',NULL,NULL,0,NULL,NULL,2,NULL,NULL,NULL,NULL,NULL),
	(21,69,'2016-02-21 19:29:21',215.50,'tarjeta','432323243',NULL,1,'VISA','3234323231',1,NULL,NULL,NULL,NULL,NULL),
	(22,69,'2016-02-21 19:29:57',215.50,'tarjeta','432323243',NULL,1,'VISA','3234323231',1,NULL,NULL,NULL,NULL,NULL),
	(23,70,'2016-02-21 19:33:27',2001.00,'efectivo',NULL,NULL,0,NULL,NULL,1,NULL,NULL,NULL,NULL,NULL),
	(24,71,'2016-02-21 19:33:36',2001.00,'efectivo',NULL,NULL,0,NULL,NULL,1,NULL,NULL,NULL,NULL,NULL),
	(25,72,'2016-02-21 19:49:43',333.50,'efectivo',NULL,NULL,0,NULL,NULL,2,NULL,NULL,NULL,NULL,NULL),
	(26,73,'2016-02-21 21:50:18',1685.00,'efectivo',NULL,NULL,0,NULL,NULL,2,NULL,NULL,NULL,NULL,NULL),
	(27,74,'2016-02-21 22:01:59',842.50,'efectivo',NULL,NULL,0,NULL,NULL,2,NULL,NULL,NULL,NULL,NULL),
	(28,75,'2016-02-23 17:03:37',2001.00,'efectivo',NULL,NULL,0,NULL,NULL,2,NULL,NULL,NULL,NULL,NULL),
	(29,77,'2016-02-23 21:02:16',842.50,'efectivo',NULL,NULL,0,NULL,NULL,1,NULL,NULL,NULL,NULL,NULL),
	(30,78,'2016-02-23 21:13:49',168.50,'efectivo',NULL,NULL,0,NULL,NULL,1,NULL,NULL,NULL,NULL,NULL),
	(31,79,'2016-02-23 21:31:22',674.00,'efectivo',NULL,NULL,0,NULL,NULL,1,NULL,NULL,NULL,NULL,NULL),
	(32,80,'2016-02-23 21:49:50',168.50,'efectivo',NULL,NULL,0,NULL,NULL,1,NULL,NULL,NULL,NULL,NULL),
	(33,81,'2016-02-23 21:52:13',674.00,'efectivo',NULL,NULL,0,NULL,NULL,1,NULL,NULL,NULL,NULL,NULL),
	(34,82,'2016-02-23 22:30:28',505.50,'efectivo',NULL,NULL,0,NULL,NULL,2,NULL,NULL,NULL,NULL,NULL),
	(35,83,'2016-02-24 23:36:47',168.50,'efectivo',NULL,NULL,0,NULL,NULL,2,NULL,NULL,NULL,NULL,NULL),
	(36,84,'2016-02-24 23:38:02',168.50,'efectivo',NULL,NULL,0,NULL,NULL,2,NULL,NULL,NULL,NULL,NULL),
	(37,85,'2016-02-28 21:33:13',168.50,'efectivo',NULL,NULL,0,NULL,NULL,2,1,1,1,6,NULL),
	(38,86,'2016-02-28 21:39:39',337.00,'efectivo',NULL,NULL,0,NULL,NULL,2,1,3,1,6,NULL),
	(39,87,'2016-02-28 22:14:08',505.50,'tarjeta','43343434',NULL,1,'VISA','232323232',2,1,3,1,6,NULL),
	(40,88,'2016-02-28 22:14:33',674.00,'cheque',NULL,'3434343',1,NULL,NULL,2,1,3,1,6,NULL),
	(41,89,'2016-02-28 22:15:09',168.50,'efectivo',NULL,NULL,0,NULL,NULL,2,1,3,1,6,NULL),
	(42,90,'2016-03-10 17:02:27',168.50,'credito',NULL,NULL,0,NULL,NULL,2,1,1,1,6,NULL),
	(43,91,'2016-03-10 17:08:53',337.00,'credito',NULL,NULL,0,NULL,NULL,2,1,1,1,6,NULL),
	(44,92,'2016-03-14 22:31:48',168.50,'efectivo',NULL,NULL,0,NULL,NULL,3,2,4,1,5,NULL),
	(45,93,'2016-03-14 23:06:46',168.50,'efectivo',NULL,NULL,0,NULL,NULL,2,2,4,1,NULL,NULL),
	(46,94,'2016-03-20 21:31:48',168.50,'efectivo',NULL,NULL,0,NULL,NULL,2,1,1,1,6,NULL),
	(47,95,'2016-03-20 21:37:17',168.50,'efectivo',NULL,NULL,0,NULL,NULL,2,1,1,1,8,NULL),
	(48,96,'2016-04-01 22:13:13',168.50,'efectivo',NULL,NULL,0,NULL,NULL,2,1,1,1,9,NULL),
	(49,107,'2016-05-27 12:34:36',168.50,'credito',NULL,NULL,0,NULL,NULL,2,1,1,1,9,NULL),
	(50,114,'2016-05-31 17:00:52',3022.00,'efectivo',NULL,NULL,0,NULL,NULL,4,1,5,1,10,NULL),
	(51,115,'2016-05-31 17:17:56',2501.00,'efectivo',NULL,NULL,0,NULL,NULL,4,1,5,1,11,NULL),
	(52,116,'2016-05-31 17:18:20',2001.00,'tarjeta','9887654',NULL,1,'DEBITO','-',4,1,5,1,11,NULL),
	(53,117,'2016-05-31 17:18:44',16675.00,'cheque',NULL,'876522',5,NULL,NULL,4,1,5,1,11,NULL),
	(54,118,'2016-05-31 17:19:49',1515.00,'credito',NULL,NULL,0,NULL,NULL,4,1,5,1,11,NULL),
	(55,117,'2016-05-31 17:27:25',16675.00,'cheque',NULL,'876522',5,NULL,NULL,4,1,5,1,12,NULL),
	(56,117,'2016-05-31 17:27:25',16675.00,'cheque',NULL,'876522',5,NULL,NULL,4,1,5,1,12,NULL),
	(57,120,'2016-06-20 23:03:20',300.00,'efectivo',NULL,NULL,0,'debito',NULL,2,1,5,1,12,3),
	(58,122,'2016-06-20 23:18:32',1822.00,'efectivo',NULL,NULL,0,'debito',NULL,2,1,5,1,12,3),
	(59,123,'2016-06-20 23:20:50',378.75,'efectivo',NULL,NULL,0,'debito',NULL,2,1,5,1,12,4),
	(60,121,'2016-06-20 23:28:52',128.50,'efectivo',NULL,NULL,0,'debito',NULL,2,1,5,1,12,5),
	(61,124,'2016-06-20 23:29:04',330.00,'efectivo',NULL,NULL,0,'debito',NULL,2,1,5,1,12,6),
	(62,125,'2016-06-20 23:33:50',675.00,'efectivo',NULL,NULL,0,'debito',NULL,2,1,5,1,12,0),
	(63,126,'2016-06-20 23:57:30',500.00,'efectivo',NULL,NULL,0,'debito',NULL,2,1,5,1,13,0),
	(64,128,'2016-06-21 17:47:57',1997.00,'efectivo',NULL,NULL,0,'debito',NULL,2,1,5,1,14,8),
	(65,127,'2016-06-21 17:49:50',9.00,'efectivo',NULL,NULL,0,'debito',NULL,2,1,3,1,15,0),
	(66,129,'2016-07-05 14:23:23',857.50,'credito',NULL,NULL,0,'debito',NULL,2,1,1,1,16,0),
	(67,130,'2016-07-05 14:23:33',667.00,'credito',NULL,NULL,0,'debito',NULL,2,1,1,1,16,0),
	(68,131,'2016-07-05 23:07:52',1800.00,'efectivo',NULL,NULL,0,'debito',NULL,2,1,5,NULL,NULL,0),
	(69,132,'2016-07-05 23:09:35',168.50,'efectivo',NULL,NULL,0,'debito',NULL,2,1,5,NULL,NULL,0),
	(70,133,'2016-07-12 00:04:01',276.00,'efectivo',NULL,NULL,0,'debito',NULL,2,1,1,1,20,0),
	(71,134,'2016-07-12 14:59:21',16500.00,'efectivo',NULL,NULL,0,'debito',NULL,2,1,1,1,20,0),
	(72,135,'2016-07-12 21:28:38',14374.50,'efectivo',NULL,NULL,0,'debito',NULL,2,1,1,1,20,0),
	(73,136,'2016-07-12 22:12:07',143.00,'efectivo',NULL,NULL,0,'debito',NULL,2,1,1,1,20,0),
	(74,137,'2016-07-12 22:50:46',10512.50,'efectivo',NULL,NULL,0,'debito',NULL,2,1,1,1,20,0),
	(75,138,'2016-07-17 16:44:44',500.00,'efectivo',NULL,NULL,0,'debito',NULL,2,1,1,1,22,0),
	(76,139,'2016-07-17 17:30:39',1991.00,'efectivo',NULL,NULL,0,'debito',NULL,2,1,1,1,22,10),
	(77,140,'2016-07-17 17:39:10',170.25,'efectivo',NULL,NULL,0,'debito',NULL,2,1,1,1,22,11),
	(78,141,'2016-07-17 23:35:41',490.00,'efectivo',NULL,NULL,0,'debito',NULL,2,1,1,1,22,12),
	(79,142,'2016-07-22 22:31:30',168.50,'tarjeta','23232',NULL,1,'debito',NULL,2,1,1,1,22,0),
	(80,143,'2016-07-26 13:27:28',168.50,'efectivo',NULL,NULL,0,'debito',NULL,2,1,1,NULL,NULL,0),
	(81,144,'2016-08-11 19:46:19',2240.00,'credito',NULL,NULL,0,'debito',NULL,2,1,1,NULL,NULL,0);

/*!40000 ALTER TABLE `PAGOS_ORDENES` ENABLE KEYS */;
UNLOCK TABLES;


# Dump of table PAISES
# ------------------------------------------------------------

DROP TABLE IF EXISTS `PAISES`;

CREATE TABLE `PAISES` (
  `id` int(11) unsigned NOT NULL AUTO_INCREMENT,
  `NOMBRE` varchar(30) DEFAULT NULL,
  `MONEDA` int(11) DEFAULT NULL,
  PRIMARY KEY (`id`)
) ENGINE=InnoDB DEFAULT CHARSET=latin1;

LOCK TABLES `PAISES` WRITE;
/*!40000 ALTER TABLE `PAISES` DISABLE KEYS */;

INSERT INTO `PAISES` (`id`, `NOMBRE`, `MONEDA`)
VALUES
	(1,'Guatemala',1),
	(2,'Estados Unidos',2),
	(3,'Colombia',3),
	(4,'costa rica',2),
	(5,'Honduras',2),
	(6,'El Salvador',2);

/*!40000 ALTER TABLE `PAISES` ENABLE KEYS */;
UNLOCK TABLES;


# Dump of table PERMISOS
# ------------------------------------------------------------

DROP TABLE IF EXISTS `PERMISOS`;

CREATE TABLE `PERMISOS` (
  `id` int(11) unsigned NOT NULL AUTO_INCREMENT,
  `EMPLEADO` int(11) DEFAULT NULL,
  `FECHA` date DEFAULT NULL,
  `MOTIVO` int(11) DEFAULT NULL,
  `OBSERVACIONES` varchar(500) DEFAULT NULL,
  `GOCE_DE_SUELDO` tinyint(1) DEFAULT NULL,
  PRIMARY KEY (`id`)
) ENGINE=InnoDB DEFAULT CHARSET=latin1;

LOCK TABLES `PERMISOS` WRITE;
/*!40000 ALTER TABLE `PERMISOS` DISABLE KEYS */;

INSERT INTO `PERMISOS` (`id`, `EMPLEADO`, `FECHA`, `MOTIVO`, `OBSERVACIONES`, `GOCE_DE_SUELDO`)
VALUES
	(1,1,'2015-12-03',1,'NINGUNA',0),
	(2,1,'2015-12-15',1,'PERMISO PERSONAL 2',0),
	(3,1,'2015-12-16',1,'UNO MAS',0),
	(4,1,'2015-11-18',1,'mes de 30',0),
	(5,2,'2015-12-14',2,'pidio permiso',0),
	(6,2,'2016-02-05',3,'vacaciones',0),
	(7,2,'2016-03-03',3,'vacas',0),
	(8,1,'2016-04-13',2,'Concedido',0),
	(9,1,'2016-06-03',3,'vacaciones',0),
	(10,2,'2016-06-17',3,'vacas',0),
	(11,4,'2016-06-14',2,'Salio de viaje. ',0),
	(12,4,'2016-06-29',1,'Sin sueldo',0),
	(13,1,'2016-06-30',2,'Enfermedad justificada',1);

/*!40000 ALTER TABLE `PERMISOS` ENABLE KEYS */;
UNLOCK TABLES;


# Dump of table PLANILLA_DETAIL
# ------------------------------------------------------------

DROP TABLE IF EXISTS `PLANILLA_DETAIL`;

CREATE TABLE `PLANILLA_DETAIL` (
  `id` int(11) unsigned NOT NULL AUTO_INCREMENT,
  `ID_PLANILLA` int(11) DEFAULT NULL,
  `ID_EMPLEADO` int(11) DEFAULT NULL,
  `CLASIFICACION` varchar(30) DEFAULT NULL,
  `DEPARTAMENTO` varchar(30) DEFAULT NULL,
  `FORMA_DE_PAGO` varchar(30) DEFAULT NULL,
  `CUENTA` varchar(100) DEFAULT NULL,
  `BANCO` varchar(100) DEFAULT NULL,
  `DIAS_LABORADOS` int(11) DEFAULT NULL,
  `FECHA_INGRESO` date DEFAULT NULL,
  `SUELDO_BASE` double(15,2) DEFAULT NULL,
  `POR_DIA` double(15,2) DEFAULT NULL,
  `SUELDO_DEVENGADO` double(15,2) DEFAULT NULL,
  `BONIFICACION` double(15,2) DEFAULT NULL,
  `INCENTIVO` double(15,2) DEFAULT NULL,
  `TOTAL_INGRESOS` double(15,2) DEFAULT NULL,
  `IGSS` double(15,2) DEFAULT NULL,
  `ANTICIPO_SUELDO` double(15,2) DEFAULT NULL,
  `PRESTAMO` double(15,2) DEFAULT NULL,
  `TOTAL_DEDUCCIONES` double(15,2) DEFAULT NULL,
  `LIQUIDO` double(15,2) DEFAULT NULL,
  PRIMARY KEY (`id`)
) ENGINE=InnoDB DEFAULT CHARSET=latin1;

LOCK TABLES `PLANILLA_DETAIL` WRITE;
/*!40000 ALTER TABLE `PLANILLA_DETAIL` DISABLE KEYS */;

INSERT INTO `PLANILLA_DETAIL` (`id`, `ID_PLANILLA`, `ID_EMPLEADO`, `CLASIFICACION`, `DEPARTAMENTO`, `FORMA_DE_PAGO`, `CUENTA`, `BANCO`, `DIAS_LABORADOS`, `FECHA_INGRESO`, `SUELDO_BASE`, `POR_DIA`, `SUELDO_DEVENGADO`, `BONIFICACION`, `INCENTIVO`, `TOTAL_INGRESOS`, `IGSS`, `ANTICIPO_SUELDO`, `PRESTAMO`, `TOTAL_DEDUCCIONES`, `LIQUIDO`)
VALUES
	(59,10,3,'0','Coordinador de Ventas','Efectivo','-','BCO-CREDITO',15,'2013-12-31',5000.00,166.67,2500.00,500.00,77.82,3077.82,120.75,0.00,0.00,120.75,2957.07),
	(60,10,2,'0','Coordinador de Entregas','Deposito','9988776655','BANRURAL',15,'2014-12-01',3000.00,100.00,1500.00,200.00,77.82,1777.82,72.45,0.00,0.00,72.45,1705.37),
	(61,10,1,'0','Coordinador de Ventas','Cheque','4343453453422','FICOHSA',15,'1980-06-27',2394.36,79.81,1197.18,200.00,77.82,1475.00,0.00,0.00,0.00,0.00,1475.00),
	(74,13,3,'0','Coordinador de Ventas','Efectivo','-','BCO-CREDITO',15,'2013-12-31',5000.00,166.67,2500.00,500.00,0.00,3000.00,120.75,0.00,0.00,120.75,2879.25),
	(75,13,2,'0','Coordinador de Entregas','Deposito','9988776655','BANRURAL',15,'2014-12-01',3000.00,100.00,1500.00,200.00,0.00,1700.00,72.45,0.00,0.00,72.45,1627.55),
	(76,13,1,'0','Coordinador de Ventas','Cheque','4343453453422','FICOHSA',14,'1980-06-27',2394.36,79.81,1117.37,200.00,0.00,1317.37,0.00,400.00,0.00,400.00,917.37),
	(77,14,3,'0','Coordinador de Ventas','Efectivo','-','BCO-CREDITO',15,'2013-12-31',5000.00,166.67,2500.00,500.00,0.00,3000.00,120.75,0.00,0.00,120.75,2879.25),
	(78,14,2,'0','Coordinador de Entregas','Deposito','9988776655','BANRURAL',15,'2014-12-01',3000.00,100.00,1500.00,200.00,0.00,1700.00,72.45,0.00,0.00,72.45,1627.55),
	(79,14,1,'0','Coordinador de Ventas','Cheque','4343453453422','FICOHSA',15,'1980-06-27',2394.36,79.81,1197.18,200.00,0.00,1397.18,0.00,0.00,0.00,0.00,1397.18),
	(89,17,3,'0','Coordinador de Ventas','Efectivo','-','BCO-CREDITO',15,'2013-12-31',5000.00,166.67,2500.00,500.00,0.00,3000.00,0.00,0.00,0.00,0.00,3000.00),
	(90,17,2,'0','Coordinador de Entregas','Deposito','9988776655','BANRURAL',15,'2014-12-01',3000.00,100.00,1500.00,200.00,0.00,1700.00,0.00,0.00,0.00,0.00,1700.00),
	(91,17,1,'0','Coordinador de Ventas','Cheque','4343453453422','FICOHSA',15,'1980-06-27',3250.00,108.33,1625.00,250.00,0.00,1875.00,0.00,0.00,0.00,0.00,1875.00),
	(107,15,3,'0','Coordinador de Ventas','Efectivo','-','BCO-CREDITO',15,'2013-12-31',5000.00,166.67,2500.00,500.00,0.00,3000.00,0.00,0.00,0.00,0.00,3000.00),
	(108,15,2,'0','Coordinador de Entregas','Deposito','9988776655','BANRURAL',15,'2014-12-01',3000.00,100.00,1500.00,200.00,0.00,1700.00,0.00,500.00,0.00,500.00,1200.00),
	(109,15,1,'0','Coordinador de Ventas','Cheque','4343453453422','FICOHSA',14,'1980-06-27',3250.00,108.33,1516.67,250.00,0.00,1766.67,0.00,150.00,200.00,350.00,1416.67),
	(110,16,3,'0','Coordinador de Ventas','Efectivo','-','BCO-CREDITO',15,'2013-12-31',5000.00,166.67,2500.00,500.00,0.00,3000.00,241.50,0.00,0.00,241.50,2758.50),
	(111,16,2,'0','Coordinador de Entregas','Deposito','9988776655','BANRURAL',14,'2014-12-01',3000.00,100.00,1400.00,200.00,0.00,1600.00,144.90,0.00,0.00,144.90,1455.10),
	(112,16,1,'0','Coordinador de Ventas','Cheque','4343453453422','FICOHSA',15,'1980-06-27',3250.00,108.33,1625.00,250.00,0.00,1875.00,156.98,50.00,0.00,206.98,1668.03),
	(113,18,3,'0','Coordinador de Ventas','Efectivo','-','BCO-CREDITO',15,'2013-12-31',5000.00,166.67,2500.00,500.00,0.00,3000.00,241.50,0.00,0.00,241.50,2758.50),
	(114,18,2,'0','Coordinador de Entregas','Deposito','9988776655','BANRURAL',15,'2014-12-01',3000.00,100.00,1500.00,200.00,0.00,1700.00,144.90,0.00,0.00,144.90,1555.10),
	(115,18,1,'0','Coordinador de Ventas','Cheque','4343453453422','FICOHSA',15,'1980-06-27',3250.00,108.33,1625.00,250.00,0.00,1875.00,156.98,0.00,0.00,156.98,1718.03),
	(133,19,4,'0','Asistente de Gerencia','Deposito','87766577','Deposito a Banrural',14,'2015-06-21',2497.40,83.25,1165.45,0.00,24.55,1190.00,0.00,100.00,0.00,100.00,1090.00),
	(134,19,3,'0','Coordinador de Ventas','Efectivo','-','BCO-CREDITO',15,'2013-12-31',5000.00,166.67,2500.00,0.00,0.00,2500.00,0.00,0.00,0.00,0.00,2500.00),
	(135,19,2,'0','Coordinador de Entregas','Deposito','9988776655','BANRURAL',15,'2014-12-01',3000.00,100.00,1500.00,0.00,0.00,1500.00,0.00,500.00,0.00,500.00,1000.00),
	(136,19,1,'0','Coordinador de Ventas','Cheque','4343453453422','FICOHSA',14,'1980-06-27',3250.00,108.33,1516.67,0.00,0.00,1516.67,0.00,150.00,200.00,350.00,1166.67),
	(145,20,4,'0','Asistente de Gerencia','Deposito','87766577','Deposito a Banrural',14,'2015-06-21',2497.40,83.25,1165.45,250.00,24.55,1440.00,112.58,50.00,20.00,182.58,1257.42),
	(146,20,3,'0','Coordinador de Ventas','Efectivo','-','BCO-CREDITO',15,'2013-12-31',5000.00,166.67,2500.00,500.00,0.00,3000.00,241.50,0.00,0.00,241.50,2758.50),
	(147,20,2,'0','Coordinador de Entregas','Deposito','9988776655','BANRURAL',14,'2014-12-01',3000.00,100.00,1400.00,200.00,0.00,1600.00,140.07,0.00,0.00,140.07,1459.93),
	(148,20,1,'0','Coordinador de Ventas','Cheque','4343453453422','FICOHSA',15,'1980-06-27',3250.00,108.33,1625.00,250.00,0.00,1875.00,151.74,50.00,0.00,201.74,1673.26);

/*!40000 ALTER TABLE `PLANILLA_DETAIL` ENABLE KEYS */;
UNLOCK TABLES;


# Dump of table PLANILLA_HEAD
# ------------------------------------------------------------

DROP TABLE IF EXISTS `PLANILLA_HEAD`;

CREATE TABLE `PLANILLA_HEAD` (
  `id` int(11) unsigned NOT NULL AUTO_INCREMENT,
  `DIA` int(11) DEFAULT NULL,
  `MES` int(11) DEFAULT NULL,
  `ANIO` int(11) DEFAULT NULL,
  `FECHA` date DEFAULT NULL,
  PRIMARY KEY (`id`)
) ENGINE=InnoDB DEFAULT CHARSET=latin1;

LOCK TABLES `PLANILLA_HEAD` WRITE;
/*!40000 ALTER TABLE `PLANILLA_HEAD` DISABLE KEYS */;

INSERT INTO `PLANILLA_HEAD` (`id`, `DIA`, `MES`, `ANIO`, `FECHA`)
VALUES
	(10,15,1,2016,'2015-12-22'),
	(11,30,1,2016,'2016-01-27'),
	(13,15,4,2016,'2016-04-12'),
	(14,30,4,2016,'2016-04-16'),
	(17,15,7,2016,'2016-06-09'),
	(18,30,7,2016,'2016-06-09'),
	(19,15,6,2016,'2016-06-17'),
	(20,30,6,2016,'2016-06-17');

/*!40000 ALTER TABLE `PLANILLA_HEAD` ENABLE KEYS */;
UNLOCK TABLES;


# Dump of table PRECIOS
# ------------------------------------------------------------

DROP TABLE IF EXISTS `PRECIOS`;

CREATE TABLE `PRECIOS` (
  `id` int(11) unsigned NOT NULL AUTO_INCREMENT,
  `NOMBRE` varchar(100) DEFAULT NULL,
  `COEFICIENTE` double(15,2) DEFAULT NULL,
  PRIMARY KEY (`id`)
) ENGINE=InnoDB DEFAULT CHARSET=latin1;

LOCK TABLES `PRECIOS` WRITE;
/*!40000 ALTER TABLE `PRECIOS` DISABLE KEYS */;

INSERT INTO `PRECIOS` (`id`, `NOMBRE`, `COEFICIENTE`)
VALUES
	(1,'Precio 1',0.90),
	(2,'Precio 2',0.80),
	(3,'Precio 3',0.70),
	(4,'Precio 4',0.60),
	(5,'precio super importador',0.50),
	(6,'PRECIO INTERMEDIO 1',0.85);

/*!40000 ALTER TABLE `PRECIOS` ENABLE KEYS */;
UNLOCK TABLES;


# Dump of table PRECIOS_CLIENTE
# ------------------------------------------------------------

DROP TABLE IF EXISTS `PRECIOS_CLIENTE`;

CREATE TABLE `PRECIOS_CLIENTE` (
  `id` int(11) unsigned NOT NULL AUTO_INCREMENT,
  `ID_CLIENTE` int(11) DEFAULT NULL,
  `ID_PRECIO` int(11) DEFAULT NULL,
  PRIMARY KEY (`id`)
) ENGINE=InnoDB DEFAULT CHARSET=latin1;

LOCK TABLES `PRECIOS_CLIENTE` WRITE;
/*!40000 ALTER TABLE `PRECIOS_CLIENTE` DISABLE KEYS */;

INSERT INTO `PRECIOS_CLIENTE` (`id`, `ID_CLIENTE`, `ID_PRECIO`)
VALUES
	(5,16,3),
	(6,19,6),
	(13,8,3),
	(15,1,3);

/*!40000 ALTER TABLE `PRECIOS_CLIENTE` ENABLE KEYS */;
UNLOCK TABLES;


# Dump of table PRECIOS_PUNTOSDEVENTAS
# ------------------------------------------------------------

DROP TABLE IF EXISTS `PRECIOS_PUNTOSDEVENTAS`;

CREATE TABLE `PRECIOS_PUNTOSDEVENTAS` (
  `id` int(11) unsigned NOT NULL AUTO_INCREMENT,
  `ID_PUNTOSDEVENTAS` int(11) DEFAULT NULL,
  `ID_PRECIO` int(11) DEFAULT NULL,
  PRIMARY KEY (`id`)
) ENGINE=InnoDB DEFAULT CHARSET=latin1;

LOCK TABLES `PRECIOS_PUNTOSDEVENTAS` WRITE;
/*!40000 ALTER TABLE `PRECIOS_PUNTOSDEVENTAS` DISABLE KEYS */;

INSERT INTO `PRECIOS_PUNTOSDEVENTAS` (`id`, `ID_PUNTOSDEVENTAS`, `ID_PRECIO`)
VALUES
	(1,1,1),
	(3,2,1),
	(4,2,2),
	(5,1,3);

/*!40000 ALTER TABLE `PRECIOS_PUNTOSDEVENTAS` ENABLE KEYS */;
UNLOCK TABLES;


# Dump of table PRESTAMOS
# ------------------------------------------------------------

DROP TABLE IF EXISTS `PRESTAMOS`;

CREATE TABLE `PRESTAMOS` (
  `id` int(11) unsigned NOT NULL AUTO_INCREMENT,
  `EMPLEADO` int(11) DEFAULT NULL,
  `FECHA` date DEFAULT NULL,
  `MONTO` double(15,2) DEFAULT NULL,
  `OBSERVACIONES` varchar(300) DEFAULT NULL,
  PRIMARY KEY (`id`)
) ENGINE=InnoDB DEFAULT CHARSET=latin1;

LOCK TABLES `PRESTAMOS` WRITE;
/*!40000 ALTER TABLE `PRESTAMOS` DISABLE KEYS */;

INSERT INTO `PRESTAMOS` (`id`, `EMPLEADO`, `FECHA`, `MONTO`, `OBSERVACIONES`)
VALUES
	(1,1,'2016-06-10',200.00,'prestamo rapido'),
	(2,4,'2016-06-29',20.00,'prestamo');

/*!40000 ALTER TABLE `PRESTAMOS` ENABLE KEYS */;
UNLOCK TABLES;


# Dump of table PRESUPUESTO
# ------------------------------------------------------------

DROP TABLE IF EXISTS `PRESUPUESTO`;

CREATE TABLE `PRESUPUESTO` (
  `id` int(11) unsigned NOT NULL AUTO_INCREMENT,
  `ANIO` int(11) DEFAULT NULL,
  `MES` int(11) DEFAULT NULL,
  `PROYECTADO` double(15,2) DEFAULT NULL,
  `EJECUTADO` double(15,2) DEFAULT NULL,
  `FECHA` timestamp NULL DEFAULT NULL,
  PRIMARY KEY (`id`)
) ENGINE=InnoDB DEFAULT CHARSET=latin1;

LOCK TABLES `PRESUPUESTO` WRITE;
/*!40000 ALTER TABLE `PRESUPUESTO` DISABLE KEYS */;

INSERT INTO `PRESUPUESTO` (`id`, `ANIO`, `MES`, `PROYECTADO`, `EJECUTADO`, `FECHA`)
VALUES
	(1,2016,0,1130.00,482.00,NULL),
	(2,2016,1,830.00,0.00,NULL),
	(4,2015,0,800.00,220.00,NULL),
	(5,2015,2,600.00,115.00,NULL),
	(6,2015,5,1300.00,1250.00,NULL),
	(7,2016,6,40100.00,44190.00,NULL),
	(8,2016,7,50100.00,44990.00,NULL),
	(9,2016,8,0.00,0.00,NULL);

/*!40000 ALTER TABLE `PRESUPUESTO` ENABLE KEYS */;
UNLOCK TABLES;


# Dump of table PRESUPUESTO_EJECUCION
# ------------------------------------------------------------

DROP TABLE IF EXISTS `PRESUPUESTO_EJECUCION`;

CREATE TABLE `PRESUPUESTO_EJECUCION` (
  `id` int(11) unsigned NOT NULL AUTO_INCREMENT,
  `ID_PRESUPUESTO` int(11) DEFAULT NULL,
  `ANIO` int(11) DEFAULT NULL,
  `MES` int(11) DEFAULT NULL,
  `TIPO_RUBRO` int(11) DEFAULT NULL,
  `MONTO` double(15,2) DEFAULT NULL,
  PRIMARY KEY (`id`)
) ENGINE=InnoDB DEFAULT CHARSET=latin1;

LOCK TABLES `PRESUPUESTO_EJECUCION` WRITE;
/*!40000 ALTER TABLE `PRESUPUESTO_EJECUCION` DISABLE KEYS */;

INSERT INTO `PRESUPUESTO_EJECUCION` (`id`, `ID_PRESUPUESTO`, `ANIO`, `MES`, `TIPO_RUBRO`, `MONTO`)
VALUES
	(1,1,2016,0,1,216.00),
	(2,3,2015,2,1,200.00),
	(3,3,2015,2,3,2000.00),
	(4,4,2015,0,2,220.00),
	(5,5,2015,2,1,115.00),
	(6,6,2015,5,4,250.00),
	(7,6,2015,5,3,1000.00),
	(8,1,2016,0,4,15.00),
	(9,1,2016,0,5,10.00),
	(10,1,2016,0,5,30.00),
	(11,1,2016,0,4,200.00),
	(12,1,2016,0,4,11.00),
	(13,7,2016,6,6,90.00),
	(14,7,2016,6,7,1100.00),
	(15,7,2016,6,8,19000.00),
	(16,7,2016,6,9,24000.00),
	(17,8,2016,7,6,90.00),
	(18,8,2016,7,7,900.00),
	(19,8,2016,7,8,19000.00),
	(20,8,2016,7,9,25000.00);

/*!40000 ALTER TABLE `PRESUPUESTO_EJECUCION` ENABLE KEYS */;
UNLOCK TABLES;


# Dump of table PRESUPUESTO_PROYECCION
# ------------------------------------------------------------

DROP TABLE IF EXISTS `PRESUPUESTO_PROYECCION`;

CREATE TABLE `PRESUPUESTO_PROYECCION` (
  `id` int(11) unsigned NOT NULL AUTO_INCREMENT,
  `ID_PRESUPUESTO` int(11) DEFAULT NULL,
  `ANIO` int(11) DEFAULT NULL,
  `MES` int(11) DEFAULT NULL,
  `TIPO_RUBRO` int(11) DEFAULT NULL,
  `MONTO` double(15,2) DEFAULT NULL,
  PRIMARY KEY (`id`)
) ENGINE=InnoDB DEFAULT CHARSET=latin1;

LOCK TABLES `PRESUPUESTO_PROYECCION` WRITE;
/*!40000 ALTER TABLE `PRESUPUESTO_PROYECCION` DISABLE KEYS */;

INSERT INTO `PRESUPUESTO_PROYECCION` (`id`, `ID_PRESUPUESTO`, `ANIO`, `MES`, `TIPO_RUBRO`, `MONTO`)
VALUES
	(1,1,2016,0,1,220.00),
	(2,1,2016,0,2,610.00),
	(3,2,2016,1,1,220.00),
	(4,2,2016,1,2,610.00),
	(5,3,2015,2,3,50000.00),
	(6,3,2015,2,1,2000.00),
	(7,3,2015,2,2,400.00),
	(8,4,2015,0,2,300.00),
	(9,5,2015,2,1,200.00),
	(10,6,2015,5,4,300.00),
	(11,6,2015,5,3,1000.00),
	(12,4,2015,0,1,500.00),
	(13,5,2015,2,2,400.00),
	(14,1,2016,0,5,300.00),
	(15,7,2016,6,6,100.00),
	(16,7,2016,6,7,1000.00),
	(17,7,2016,6,8,19000.00),
	(18,7,2016,6,9,20000.00),
	(19,8,2016,7,6,100.00),
	(20,8,2016,7,7,1000.00),
	(21,8,2016,7,8,19000.00),
	(22,8,2016,7,9,25000.00),
	(23,8,2016,7,6,5000.00);

/*!40000 ALTER TABLE `PRESUPUESTO_PROYECCION` ENABLE KEYS */;
UNLOCK TABLES;


# Dump of table PRODUCTOS
# ------------------------------------------------------------

DROP TABLE IF EXISTS `PRODUCTOS`;

CREATE TABLE `PRODUCTOS` (
  `id` int(11) unsigned NOT NULL AUTO_INCREMENT,
  `CODIGO` varchar(30) DEFAULT NULL,
  `DESCRIPCION` varchar(250) DEFAULT NULL,
  `COEFICIENTE_UNIDAD` int(11) DEFAULT NULL,
  `PROVEEDOR` int(11) DEFAULT NULL,
  `PRECIO` double(15,2) DEFAULT NULL,
  `PRECIO_1` double(15,2) DEFAULT NULL,
  `PRECIO_2` double(15,2) DEFAULT NULL,
  `PRECIO_3` double(15,2) DEFAULT NULL,
  `PRECIO_4` double(15,2) DEFAULT NULL,
  `IMAGE_PATH` varchar(300) DEFAULT NULL,
  `STOCK_MINIMO` int(11) DEFAULT NULL,
  `FAMILIA` int(11) DEFAULT NULL,
  PRIMARY KEY (`id`)
) ENGINE=InnoDB DEFAULT CHARSET=latin1;

LOCK TABLES `PRODUCTOS` WRITE;
/*!40000 ALTER TABLE `PRODUCTOS` DISABLE KEYS */;

INSERT INTO `PRODUCTOS` (`id`, `CODIGO`, `DESCRIPCION`, `COEFICIENTE_UNIDAD`, `PROVEEDOR`, `PRECIO`, `PRECIO_1`, `PRECIO_2`, `PRECIO_3`, `PRECIO_4`, `IMAGE_PATH`, `STOCK_MINIMO`, `FAMILIA`)
VALUES
	(1,'P1','Producto 1',12,1,100.00,NULL,NULL,NULL,NULL,'/Users/xumakgt/imagespath/Cutting-Edge-Ground-Bloom.jpg',0,1),
	(2,'P01','Bateria 24 U',1,1,300.00,NULL,NULL,NULL,NULL,'/Users/xumakgt/imagespath/L-016.png',0,1),
	(3,'BLA','AMETRALLADORA METRO TIPO B',0,1,101.00,0.00,150.00,0.00,0.00,'undefined',0,1),
	(5,'AF','MISILES',1,1,100.00,111.11,125.00,142.86,166.67,'/Users/xumakgt/imagespath/L-016.png',0,1),
	(7,'AM','Ametralladora de 2mt',0,1,0.40,0.75,0.75,0.75,0.00,'undefined',0,6),
	(8,'C2230','VOLCANCITO ESTRELLA LEON',0,1,100.00,0.00,0.00,0.00,0.00,'/Users/xumakgt/imagespath/POLVORA3.JPG',0,1),
	(9,'SP00019','Show Pequeno de 19 tiros surtidos',6,2,100.00,0.00,0.00,0.00,0.00,'/Users/xumakgt/imagespath/Screen Shot 2015-07-21 at 5.41.09 PM.png',0,1),
	(10,'CLB2','Calibre 10,000',0,2,8.00,20.00,0.00,0.00,0.00,'/srv/volcancito/placeholder-02.jpg',0,2),
	(11,'PC000AR','PAQUETE DE CUETES ARAITA 50/1',0,1,8.00,0.00,0.00,0.00,0.00,'/srv/volcancito/Screen Shot 2016-05-26 at 4.32.39 PM.png',0,7),
	(12,'abcde','dfsadfs',0,3,133.33,0.00,0.00,0.00,0.00,'/srv/volcancito',0,7),
	(13,'AM000SA','AMETRALLADORA DE METRO SUPER A',0,28,3.25,4.00,3.50,3.50,0.00,'/srv/volcancito/ametralladorametrochimpance.jpg',0,7),
	(14,'AM000A','AMETRALLADORA METRO TIPO A',0,16,30.00,34.00,32.00,32.00,0.00,'/srv/volcancito/ametralladorametrodevorador.jpg',0,7),
	(15,'AM000B','AMETRALLADORA METRO TIPO B',0,16,28.00,32.00,30.00,30.00,0.00,'/srv/volcancito/ametralladorametrotoronegro.jpg',0,7),
	(16,'AV000SA','AMETRALLADORA VARA SUPER A',0,16,24.00,26.00,26.00,26.00,0.00,'/srv/volcancito',0,7),
	(17,'AV000A','AMETRALLADORA VARA TIPO A',0,16,23.00,25.00,25.00,25.00,0.00,'/srv/volcancito',0,7),
	(18,'AV000B','AMETRALLADORA VARA TIPO B',0,16,20.00,22.00,22.00,22.00,0.00,'/srv/volcancito',0,7),
	(19,'R3M000O','ROLLO 3 METROS TIPO O',0,28,14.40,18.00,18.00,18.00,0.00,'/srv/volcancito',0,7),
	(20,'R3M000E','ROLLO 3 METROS TIPO E',0,28,12.00,15.00,15.00,15.00,0.00,'/srv/volcancito/rollo3metrosespecial.jpg',0,7),
	(21,'R5M000O','ROLLO 5 METROS TIPO O',0,28,24.00,30.00,30.00,30.00,0.00,'/srv/volcancito',0,7),
	(22,'R5M000E','ROLLO 5 METROS TIPO E',0,16,15.00,20.00,20.00,20.00,0.00,'/srv/volcancito',0,7),
	(23,'R5M000A','ROLLO 5 METROS TIPO A',0,16,14.00,18.00,18.00,18.00,0.00,'/srv/volcancito/rollo5metros.jpg',0,7),
	(24,'R5M000B','ROLLO 5 METROS TIPO B',0,2,11.50,18.00,16.00,15.00,16.00,'/srv/volcancito',0,7),
	(25,'R5M000M','ROLLO 5 METROS TIPO M',0,16,15.00,20.00,20.00,20.00,0.00,'/srv/volcancito',0,7),
	(26,'R5M000M3','ROLLO 5 METROS TIPO MORTERO 3',0,31,75.00,85.00,85.00,85.00,0.00,'/srv/volcancito',0,7),
	(27,'R10M000O','ROLLO 10 METROS TIPO O',0,28,48.00,60.00,60.00,60.00,0.00,'/srv/volcancito',0,7),
	(28,'R10M000E','ROLLO 10 METROS TIPO E',0,16,30.00,40.00,40.00,40.00,0.00,'/srv/volcancito',0,7),
	(29,'R10M000A','ROLLO 10 METROS TIPO A',0,16,25.00,35.00,35.00,35.00,0.00,'/srv/volcancito/rollo10metros.jpg',0,7),
	(30,'R10M000B','ROLLO 10 METROS TIPO B',0,16,24.00,35.00,30.00,30.00,0.00,'/srv/volcancito',0,7),
	(31,'R10M000M3','ROLLO 10 METROS TIPO MORTERO 3',0,31,150.00,175.00,175.00,175.00,175.00,'/srv/volcancito',0,7),
	(32,'R15M000E','ROLLO 15 METROS TIPO E',0,16,45.00,60.00,60.00,60.00,0.00,'/srv/volcancito/rollo15metrosespecial.jpg',0,7),
	(33,'R15M000M','ROLLO 15 METROS TIPO M',0,16,45.00,60.00,60.00,60.00,0.00,'/srv/volcancito',0,7),
	(34,'R20M000E','ROLLO 20 METROS TIPO E',0,16,60.00,80.00,80.00,80.00,0.00,'/srv/volcancito/rollo20metrosespecial.jpg',0,7),
	(35,'R20M000M','ROLLO 20 METROS TIPO M',0,16,60.00,80.00,80.00,80.00,0.00,'/srv/volcancito',0,7),
	(36,'R20M000M3','ROLLO 20 METROS TIPO MORTERO 3',0,2,0.00,0.00,0.00,0.00,0.00,'/var/lib/tomcat7/webapps/Volcancito/assets/img/placeholder_default.png',0,7),
	(37,'R25M000E','ROLLO 25 METROS TIPO E',0,16,75.00,100.00,100.00,100.00,0.00,'/srv/volcancito',0,7),
	(38,'R25M000M','ROLLO 25 METROS TIPO M',0,16,80.00,100.00,100.00,100.00,0.00,'/srv/volcancito',0,7),
	(39,'R30M000E','ROLLO 30 METROS TIPO E',0,16,90.00,120.00,120.00,120.00,0.00,'/srv/volcancito/rollode30metrosespecial.jpg',0,7),
	(40,'R30M000M','ROLLO 30 METROS TIPO M',0,16,90.00,120.00,120.00,120.00,0.00,'/srv/volcancito',0,7),
	(41,'R50M000E','ROLLO 50 METROS TIPO E',0,16,150.00,250.00,250.00,250.00,0.00,'/srv/volcancito/rollode50metrosespecial.jpg',0,7),
	(42,'R50M000M','ROLLO 50 METROS TIPO M',0,2,183.00,250.00,250.00,250.00,125.00,'/srv/volcancito',0,7),
	(43,'R100M000E','ROLLO 100 METROS TIPO E',0,16,325.00,500.00,500.00,500.00,0.00,'/srv/volcancito/rollode100metrosespecial.jpg',0,7),
	(44,'R100M000M','ROLLO 100 METROS TIPO M',0,2,330.00,500.00,500.00,500.00,0.00,'/srv/volcancito',0,7),
	(45,'PC000SA','PAQUETE DE COHETES TIPO SUPER A',0,16,25.00,27.00,27.00,27.00,0.00,'/srv/volcancito/paquetedecohete.jpg',0,8),
	(46,'PC000A','PAQUETE DE COHETES TIPO A',0,16,23.00,25.00,25.00,25.00,0.00,'/srv/volcancito',0,8),
	(47,'PC000B','PAQUETE DE COHETES TIPO B',0,16,22.00,24.00,24.00,24.00,0.00,'/srv/volcancito',0,8),
	(48,'CHP20109','BATERIA BUDAPEST 19 TIROS',0,4,75.00,99.00,95.00,90.00,0.00,'/srv/volcancito',0,9),
	(49,'CHP20108','BATERIA TOKIO 19 TIROS',0,4,75.00,99.00,95.00,90.00,0.00,'/srv/volcancito',0,9),
	(50,'CHP20107','BATERIA ROMA 19 TIROS',0,4,75.00,99.00,95.00,90.00,0.00,'/srv/volcancito',0,9),
	(51,'CHP20110','BATERIA BERLIN 19 TIROS',0,4,75.00,99.00,95.00,90.00,0.00,'/srv/volcancito',0,9),
	(52,'CHP20111','BATERIA SIDNEY 19 TIROS',0,4,75.00,99.00,95.00,90.00,0.00,'/srv/volcancito',0,9),
	(53,'LV007','BATERIA NOCHE MAGICA 19 TIROS',0,3,75.00,99.00,95.00,90.00,0.00,'/srv/volcancito',0,9),
	(54,'LV008','BATERIA NOCHE BUENA 19 TIROS',0,3,75.00,99.00,95.00,90.00,0.00,'/srv/volcancito',0,9),
	(55,'LV009','BATERIA NOCHE DE ESTRELLAS 19 TIROS',0,3,75.00,99.00,95.00,90.00,0.00,'/srv/volcancito',0,9),
	(56,'LV010','BATERIA NOCHE DE ROMANCE 19 TIROS',0,3,75.00,99.00,95.00,90.00,0.00,'/srv/volcancito/baterianochederomance19tiros.jpg',0,9),
	(57,'R10M000M','ROLLO 10 METROS TIPO M',0,4,33.00,40.00,40.00,40.00,0.00,'/srv/volcancito',0,7),
	(58,'LV011','BATERIA NOCHE DE ENCANTO 19 TIROS',0,3,75.00,99.00,95.00,90.00,0.00,'/srv/volcancito',0,9),
	(60,'C2329','BATERIA POKER 19 TIROS',0,2,80.00,99.00,99.00,99.00,0.00,'/srv/volcancito',0,9),
	(61,'C2328','BATERIA RAPSODIA 19 TIROS',0,2,80.00,99.00,99.00,99.00,0.00,'/srv/volcancito',0,9),
	(62,'C2309','BATERIA 4 ESTACIONES 19 TIROS 4/1',0,2,80.00,99.00,95.00,99.00,90.00,'/srv/volcancito',0,9),
	(69,'SH205-19','BATERIA OJOS DE DRAGON EYE 19 TIROS 8/1',0,5,80.50,99.00,95.00,90.00,0.00,'/srv/volcancito',0,9),
	(70,'JT2715','BATERIA DE PICOS GRAN EXITO 19 TIROS 8/1',0,5,81.00,99.00,95.00,90.00,0.00,'/srv/volcancito',0,9),
	(71,'SH111-19','BATERIA LETS ROCK THE SKY 19 TIROS 8/1',0,5,80.50,99.00,95.00,90.00,0.00,'/srv/volcancito',0,9),
	(72,'SH7057-19','BATERIA LORD OF RINGS/ REY DE LOS ANILLOS DE 19 TIROS 6/1',0,5,80.50,99.00,99.00,90.00,0.00,'/srv/volcancito',0,9),
	(73,'CD1055','BATERIA LLUVIA AZUL A ROJO 19 TIROS 8/1',0,6,96.99,99.00,99.00,99.00,0.00,'/srv/volcancito',0,9),
	(74,'C2280','BATERIA APACHE 19 TIROS 12/1',0,2,39.00,65.00,56.00,48.75,0.00,'/srv/volcancito/c2280.jpeg',0,9),
	(75,'C2281','BATERIA HALCON DE PLATA 19 TIROS 8/1',0,2,43.75,73.00,62.50,55.00,0.00,'/srv/volcancito/bateriahalcondeplata19tiros.jpg',0,9),
	(76,'C2354','BATERIA FENIX 19 TIROS',0,2,50.00,85.00,72.00,62.50,0.00,'/srv/volcancito',0,9),
	(77,'CA919','BATERIA DE PICOS 19 TIROS',0,7,85.00,125.00,99.00,99.00,0.00,'/var/lib/tomcat7/webapps/Volcancito/assets/img/placeholder_default.png',0,9),
	(78,'LV030','BATERIA NITRO 25 TIROS',0,3,30.00,50.00,42.50,37.50,0.00,'/var/lib/tomcat7/webapps/Volcancito/assets/img/placeholder_default.png',0,9),
	(79,'LV029','BATERIA FORMULA 1 25 TIROS',0,3,30.00,50.00,42.50,37.50,0.00,'/var/lib/tomcat7/webapps/Volcancito/assets/img/placeholder_default.png',0,9),
	(80,'LV031','BATERIA GRAND PRIX 25 TIROS',0,3,30.00,50.00,42.50,37.50,0.00,'/srv/volcancito/bateriagrandprix25tiros.jpg',0,9),
	(81,'CD1217','BATERIA PEONIA TRICOLOR CON CRACKLING 25 TIROS',0,6,29.39,50.00,42.50,37.50,0.00,'/var/lib/tomcat7/webapps/Volcancito/assets/img/placeholder_default.png',0,9),
	(82,'CD1208','BATERIA PEONIAS AMARILLAS Y ROJAS 25 TIROS',0,6,29.39,50.00,42.50,37.50,0.00,'/var/lib/tomcat7/webapps/Volcancito/assets/img/placeholder_default.png',0,9),
	(83,'V009','BATERIA ILUSION 25 TIROS',0,8,30.00,50.00,42.50,37.50,0.00,'/var/lib/tomcat7/webapps/Volcancito/assets/img/placeholder_default.png',0,9),
	(84,'V008','BATERIA ALEGRIA 25 TIROS',0,8,30.00,50.00,42.50,37.50,0.00,'/var/lib/tomcat7/webapps/Volcancito/assets/img/placeholder_default.png',0,9),
	(85,'V007','BATERIA FIESTA 25 TIROS',0,8,30.00,50.00,42.50,37.50,0.00,'/var/lib/tomcat7/webapps/Volcancito/assets/img/placeholder_default.png',0,9),
	(86,'C2234','BATERIA CENTAURO 25 TIROS',0,2,64.50,108.00,93.00,81.00,0.00,'/var/lib/tomcat7/webapps/Volcancito/assets/img/placeholder_default.png',0,9),
	(87,'K2252','BATERIA PERSEO DE SIGUI 25 TIROS',0,2,70.83,120.00,100.00,90.00,0.00,'/srv/volcancito/bateriaperseodesigui25tiros.jpg',0,9),
	(88,'CD1221','BATERIA ESTRELLAS ROJAS Y AZULES 25 TIROS',0,6,29.39,50.00,42.50,37.50,0.00,'/var/lib/tomcat7/webapps/Volcancito/assets/img/placeholder_default.png',0,9),
	(89,'CD1204','BATERIA PEONIAS VERDES Y MORADAS 25 TIROS',0,6,29.39,50.00,42.50,37.50,0.00,'/var/lib/tomcat7/webapps/Volcancito/assets/img/placeholder_default.png',0,9),
	(90,'CD1209','BATERIA GLITTERING MOON 25 TIROS',0,6,29.39,50.00,42.50,37.50,0.00,'/var/lib/tomcat7/webapps/Volcancito/assets/img/placeholder_default.png',0,9),
	(91,'CD1220','BATERIA PEONIAS ROJAS Y DESTELLOS VERDES 25 TIROS',0,6,29.39,50.00,42.50,37.50,0.00,'/var/lib/tomcat7/webapps/Volcancito/assets/img/placeholder_default.png',0,9),
	(92,'CD1211','BATERIA BOZZ 25 TIROS',0,6,29.39,50.00,42.50,37.50,0.00,'/var/lib/tomcat7/webapps/Volcancito/assets/img/placeholder_default.png',0,9),
	(93,'LV042','BATERIA FOOTBALL 25 TIROS',0,3,58.00,96.50,81.50,71.50,0.00,'/var/lib/tomcat7/webapps/Volcancito/assets/img/placeholder_default.png',0,9),
	(94,'LV043','BATERIA SCORE 25 TIROS',0,3,58.00,96.50,81.50,71.50,0.00,'/var/lib/tomcat7/webapps/Volcancito/assets/img/placeholder_default.png',0,9),
	(95,'LV041','BATERIA CLASICO 25 TIROS',0,3,58.00,96.50,81.50,71.50,0.00,'/var/lib/tomcat7/webapps/Volcancito/assets/img/placeholder_default.png',0,9),
	(96,'LV028','BATERIA CHAMPION 25 TIROS',0,3,58.00,96.50,81.50,71.50,0.00,'/var/lib/tomcat7/webapps/Volcancito/assets/img/placeholder_default.png',0,9),
	(97,'LV026','BATERIA FOOT BALL 25 TIROS',0,3,58.00,96.50,81.50,71.50,0.00,'/var/lib/tomcat7/webapps/Volcancito/assets/img/placeholder_default.png',0,9),
	(98,'LV027','BATERIA GOOL 25 TIROS',0,3,58.00,96.50,81.50,71.50,0.00,'/var/lib/tomcat7/webapps/Volcancito/assets/img/placeholder_default.png',0,9),
	(99,'LV044','BATERIA PENALTY 25 TIROS',0,3,58.00,96.50,81.50,71.50,0.00,'/var/lib/tomcat7/webapps/Volcancito/assets/img/placeholder_default.png',0,9),
	(100,'LV039','BATERIA MUNDIAL 25 TIROS',0,3,58.00,96.50,81.50,71.50,0.00,'/var/lib/tomcat7/webapps/Volcancito/assets/img/placeholder_default.png',0,9),
	(101,'LV040','BATERIA CHAMPIONSHIP 25 TIROS',0,3,58.00,96.50,81.50,71.50,0.00,'/var/lib/tomcat7/webapps/Volcancito/assets/img/placeholder_default.png',0,9),
	(102,'LV045','BATERIA GOALKEEPER 25 TIROS',0,3,58.00,96.50,81.50,71.50,0.00,'/var/lib/tomcat7/webapps/Volcancito/assets/img/placeholder_default.png',0,9),
	(103,'LV046','BATERIA SOCCER 25 TIROS',0,3,58.00,96.50,81.50,71.50,0.00,'/var/lib/tomcat7/webapps/Volcancito/assets/img/placeholder_default.png',0,9),
	(104,'CD1425','BATERIA ESTRELLAS AZULES 25 TIROS',0,6,57.42,96.50,81.50,71.50,0.00,'/var/lib/tomcat7/webapps/Volcancito/assets/img/placeholder_default.png',0,9),
	(105,'CD1405','BATERIA FLORES DE PERLAS DORADAS',0,6,57.63,97.00,82.00,72.00,0.00,'/var/lib/tomcat7/webapps/Volcancito/assets/img/placeholder_default.png',0,9),
	(107,'SFC2551','BATERIA BLUE CRUSH 25 TIROS',0,9,110.00,185.00,160.00,140.00,0.00,'/var/lib/tomcat7/webapps/Volcancito/assets/img/placeholder_default.png',0,9),
	(109,'LV014','BATERIA ETERNA PRIMAVERA 25 TIROS',0,3,115.00,250.00,200.00,160.00,0.00,'/var/lib/tomcat7/webapps/Volcancito/assets/img/placeholder_default.png',0,9),
	(110,'SFC2550','BATERIA A BEAUTIFUL MIND 25 TIROS',0,9,110.00,185.00,160.00,140.00,0.00,'/var/lib/tomcat7/webapps/Volcancito/assets/img/placeholder_default.png',0,9),
	(111,'K2241','BATERIA ATLANTIS DE PLATA 25 TIROS 6/1',0,2,133.33,225.00,190.00,168.00,0.00,'/srv/volcancito',0,9),
	(112,'LV013','BATERIA JARDIN DE ROSAS 25 TIROS',0,3,115.00,250.00,200.00,160.00,0.00,'/var/lib/tomcat7/webapps/Volcancito/assets/img/placeholder_default.png',0,9),
	(113,'CD1411','BATERIA STAR PEONY 25 TIROS',0,6,57.42,96.50,81.50,71.50,0.00,'/srv/volcancito',0,9),
	(114,'K2244','BATERIA THUNDER CON LUZ 16 TIROS',0,2,26.13,54.00,46.00,40.00,0.00,'/srv/volcancito',0,9),
	(115,'K2244T','BATERIA THUNDER KING 16 TIROS',0,2,21.50,36.00,31.00,27.00,0.00,'/srv/volcancito/bateriathunderking16tiros.jpg',0,9),
	(116,'C2282','BATERIA GOLD 16 TIROS',0,2,38.33,85.00,75.00,60.00,0.00,'/srv/volcancito',0,9),
	(117,'C2318','BATERIA ONAS 7 TIROS',0,2,50.00,85.00,75.00,65.00,0.00,'/srv/volcancito/bateriaonas.jpg',0,9),
	(118,'K2288','BATERIA MANHATTAN 7 TIROS',0,2,107.50,180.00,155.00,135.00,0.00,'/var/lib/tomcat7/webapps/Volcancito/assets/img/placeholder_default.png',0,9),
	(119,'LV004','BATERIA LUCES BRILLANTES 13 TIROS',0,3,58.00,95.00,85.00,72.50,0.00,'/var/lib/tomcat7/webapps/Volcancito/assets/img/placeholder_default.png',0,9),
	(120,'LV006','BATERIA NOCHE DE FIESTA 13 TIROS',0,3,58.00,95.00,85.00,72.50,0.00,'/var/lib/tomcat7/webapps/Volcancito/assets/img/placeholder_default.png',0,9),
	(121,'LV005','BATERIA FESTIVAL DE COLOR 13 TIROS',0,3,58.00,95.00,85.00,72.50,0.00,'/srv/volcancito/bateriafestivaldecolor.jpg',0,9),
	(122,'SF015','SHOW FLORES VERDES Y AMARILLAS 9 TIROS',0,6,16.96,30.00,24.00,22.00,0.00,'/srv/volcancito',0,9),
	(123,'SF020-9T','BATERIA FLORES MULTICOLOR 9 TIROS',0,6,18.60,30.00,24.00,22.00,0.00,'/srv/volcancito',0,9),
	(124,'SF012','BATERIA FLORES DORADAS 9 TIROS',0,6,16.96,35.00,24.00,22.00,0.00,'/srv/volcancito',0,9),
	(125,'CHP20101','BATERIA PARIS 9 TIROS',0,4,18.50,30.00,24.00,22.00,0.00,'/var/lib/tomcat7/webapps/Volcancito/assets/img/placeholder_default.png',0,9),
	(126,'C2221','BATERIA ESCORPION 10 TIROS',0,2,41.98,85.00,75.00,65.00,0.00,'/srv/volcancito/bateriaescorpion10tiros.jpg',0,9),
	(128,'FK0306','BATERIA ESTRELLAS FUGACES 7 TIROS',0,6,10.39,20.00,15.00,12.50,0.00,'/var/lib/tomcat7/webapps/Volcancito/assets/img/placeholder_default.png',0,9),
	(129,'FK0308','BATERIA CAPULLOS TRONADORES 7 TIROS',0,6,13.47,20.00,18.00,16.00,0.00,'/var/lib/tomcat7/webapps/Volcancito/assets/img/placeholder_default.png',0,9),
	(130,'FK0307','BATERIA RUIDOS EXOTICOS 8 TIROS',0,6,14.17,24.00,21.00,17.00,0.00,'/var/lib/tomcat7/webapps/Volcancito/assets/img/placeholder_default.png',0,9),
	(131,'CHP20105','BATERIA PEKING 13 TIROS',0,4,70.00,95.00,85.00,72.00,0.00,'/var/lib/tomcat7/webapps/Volcancito/assets/img/placeholder_default.png',0,9),
	(132,'CHP20104','BATERIA ATENAS 13 TIROS',0,4,70.00,95.00,85.00,72.00,0.00,'/var/lib/tomcat7/webapps/Volcancito/assets/img/placeholder_default.png',0,9),
	(133,'CHP20106','BATERIA PRAGA 13 TIROS',0,4,70.00,95.00,85.00,72.00,0.00,'/var/lib/tomcat7/webapps/Volcancito/assets/img/placeholder_default.png',0,9),
	(136,'C2213','BATERIA TRIANGULO DE LAS BERMUDAS 21 TIROS',0,2,42.50,65.00,60.00,55.00,0.00,'/srv/volcancito/bateriatriangulodelasbermudas21tiros.jpg',0,9),
	(141,'C2317','BATERIA LINX 16 TIROS',0,2,15.97,28.00,25.00,20.00,0.00,'/srv/volcancito/baterialinx.jpg',0,9),
	(142,'K2256','BATERIA MEFISTO JUNIOR 12 TIROS',0,2,22.00,45.00,35.00,30.00,0.00,'/srv/volcancito/bateriamefistojunior12tiros.jpg',0,9),
	(143,'C2233','BATERIA SIRENA 25 TIROS',0,2,51.75,86.50,75.00,65.00,0.00,'/srv/volcancito/bateriasirenade21tiros.jpg',0,9),
	(144,'C2330','BATERIA HALCON NEGRO 13 TIROS',0,2,45.00,75.00,70.00,65.00,0.00,'/srv/volcancito',0,9),
	(145,'C2302','BATERIA TARANTULA 19 TIROS',0,2,140.00,250.00,200.00,175.00,0.00,'/srv/volcancito/bateriatarantula19tiros.jpg',0,9),
	(146,'C2303','BATERIA MEDUSA 35 TIROS',0,2,130.00,220.00,190.00,165.00,0.00,'/srv/volcancito/bateriamedusa35tiros.jpg',0,9),
	(147,'C2307','BATERIA MARCO POLO 120 TIROS',0,2,600.00,1000.00,875.00,750.00,0.00,'/srv/volcancito/bateriamarcopolo120tiros.jpg',0,9),
	(148,'K2284','BATERIA SILVER 100 TIROS',0,2,225.00,375.00,322.00,282.00,0.00,'/var/lib/tomcat7/webapps/Volcancito/assets/img/placeholder_default.png',0,9),
	(149,'C2356','BATERIA ALUMINE 85 TIROS',0,2,0.00,600.00,515.00,450.00,0.00,'/var/lib/tomcat7/webapps/Volcancito/assets/img/placeholder_default.png',0,9),
	(150,'C2313','BATERIA AMAZONA 96 TIROS',0,2,700.00,1175.00,1000.00,875.00,0.00,'/srv/volcancito/bateriaamazonade96tiros.jpg',0,9),
	(151,'C2334','BATERIA GUARDIANES DE FUEGO 129 TIROS',0,2,1398.00,2330.00,2000.00,1750.00,0.00,'/var/lib/tomcat7/webapps/Volcancito/assets/img/placeholder_default.png',0,9),
	(152,'C2315','BATERIA TIKAL 120 TIROS',0,2,900.00,1500.00,1290.00,1125.00,0.00,'/srv/volcancito/bateriatikal120tiros.jpg',0,9),
	(153,'C2314','BATERIA ZEUZ 108 TIROS',0,2,525.00,875.00,750.00,675.00,0.00,'/srv/volcancito',0,9),
	(154,'C2327','BATERIA CREPUSCULO 100 TIROS',0,2,650.00,1085.00,928.75,812.50,0.00,'/srv/volcancito/bateriacrepusculo100tiros.jpg',0,9),
	(155,'C2341','BATERIA V8 COMPETICION 150 TIROS',0,2,1100.00,1850.00,1575.00,1375.00,0.00,'/srv/volcancito',0,9),
	(156,'K2292','BATERIA HALLOWEEN 172 TIROS',0,2,1000.00,1670.00,1430.00,1250.00,0.00,'/srv/volcancito/bateriahalloween172tiros.jpg',0,9),
	(157,'K2291','BATERIA BATALLA EN EL CIELO 100 TIROS',0,2,1025.00,1710.00,1465.00,1282.00,0.00,'/srv/volcancito/bateriabatallaenelcielo100tiros.jpg',0,9),
	(158,'C2300','BATERIA BATUCADA 25 TIROS',0,2,0.00,535.00,450.00,400.00,0.00,'/srv/volcancito/c2300.jpeg',0,9),
	(159,'V616','BATERIA REY DE GATO 36 TIROS',0,7,235.00,380.00,325.00,285.00,0.00,'/var/lib/tomcat7/webapps/Volcancito/assets/img/placeholder_default.png',0,9),
	(160,'LV019','BATERIA ABEJAS VOLADORAS 30 TIROS',0,3,138.00,250.00,225.00,200.00,0.00,'/srv/volcancito/bateriaabejasvoladoras30tiros.jpg',0,9),
	(161,'C2286','BATERIA DIOS AZUL 36 TIROS',0,2,247.53,425.00,375.00,312.50,0.00,'/srv/volcancito/bateriadiosazul36tiros.jpg',0,9),
	(162,'CD1072','BATERIA ABANICO COQUETA 25 TIROS',0,6,95.75,160.00,135.00,118.00,0.00,'/var/lib/tomcat7/webapps/Volcancito/assets/img/placeholder_default.png',0,9),
	(163,'LV059','BATERIA VIAJE POR EL MUNDO 35 TIROS',0,3,140.00,250.00,200.00,175.00,0.00,'/var/lib/tomcat7/webapps/Volcancito/assets/img/placeholder_default.png',0,9),
	(164,'LV058','BATERIA MUNDO PERDIDO 35 TIROS',0,3,140.00,250.00,200.00,175.00,0.00,'/var/lib/tomcat7/webapps/Volcancito/assets/img/placeholder_default.png',0,9),
	(165,'SFC2512','BATERIA APOLO DE PICOS 25 TIROS',0,11,135.00,125.00,99.00,99.00,0.00,'/srv/volcancito',0,9),
	(166,'SF001','BATERIA PEONIA DE DRAGONES 49 TIROS',0,6,332.03,554.00,475.00,415.00,0.00,'/srv/volcancito/peoniadedragones.jpeg',0,9),
	(167,'CD1801','BATERIA CAMBIOS DE PRIMAVERA 25 TIROS',0,6,130.00,185.00,160.00,140.00,0.00,'/var/lib/tomcat7/webapps/Volcancito/assets/img/placeholder_default.png',0,9),
	(168,'C2342','BATERIA LEONARDO DA VINCI 80 TIROS',0,2,800.00,1335.00,1145.00,1000.00,0.00,'/var/lib/tomcat7/webapps/Volcancito/assets/img/placeholder_default.png',0,9),
	(169,'C2324','BATERIA INDEPENDENCIA 150 TIROS',0,2,329.00,560.00,470.00,411.25,0.00,'/var/lib/tomcat7/webapps/Volcancito/assets/img/placeholder_default.png',0,9),
	(170,'M1115','FUENTE COLOUR PEARL 96 SHOT',0,7,11.00,18.75,18.75,18.75,0.00,'/var/lib/tomcat7/webapps/Volcancito/assets/img/placeholder_default.png',0,10),
	(171,'C2296','FUENTE 96 PERLAS',0,2,15.00,25.00,22.00,19.00,0.00,'/srv/volcancito/fuentede96perlas.jpg',0,10),
	(172,'V002','FUENTE SUPER VOLCANCITO',0,8,12.00,16.00,15.00,14.00,0.00,'/var/lib/tomcat7/webapps/Volcancito/assets/img/placeholder_default.png',0,10),
	(173,'C8805','FUENTE SPUTINIK 40/6',0,2,12.50,20.00,18.00,15.00,0.00,'/srv/volcancito',0,10),
	(174,'0263','FUENTE JADE Y ORO',0,7,16.02,26.50,23.00,20.00,0.00,'/srv/volcancito/fuentejadeyoro.jpg',0,10),
	(176,'M16/T2587','MISIL DE 16 TIROS',0,7,2.50,4.50,3.50,3.25,0.00,'/srv/volcancito',0,11),
	(177,'K1130C4','MISIL DE 12 TIROS',0,11,2.00,3.50,3.00,2.50,0.00,'/srv/volcancito/misil12tiros.jpg',0,11),
	(178,'K1130C6','MISIL 20 TIROS',0,11,3.15,4.00,3.75,3.50,0.00,'/var/lib/tomcat7/webapps/Volcancito/assets/img/placeholder_default.png',0,11),
	(179,'0449-36C','JUPITER/SATUR MISIL CON CRACKER 36 TIROS',0,11,6.76,9.00,8.00,7.00,0.00,'/srv/volcancito',0,11),
	(180,'K1130C49','MISIL DE 49 TIROS',0,7,6.75,11.75,10.00,8.75,0.00,'/srv/volcancito/misil49tiros.jpg',0,11),
	(181,'0449-100C','JUPITER/MISIL CON CRACKER 100 TIROS',0,11,16.00,26.50,22.00,20.00,0.00,'/srv/volcancito',0,11),
	(182,'0449-120C','JUPITER/MISIL 120 TIROS CON CRACKER',0,11,20.00,28.50,24.50,21.50,0.00,'/srv/volcancito',0,11),
	(183,'K5525','ATOMICA 25 TIROS',0,2,16.44,27.50,24.00,21.00,0.00,'/srv/volcancito/misilatomica25tiros.jpg',0,11),
	(184,'K5516','ATOMICA 16 TIROS',0,2,13.25,22.00,19.00,17.00,0.00,'/srv/volcancito/misilatomica16tiros.jpg',0,11),
	(187,'W608','TROMPO COLOR FULL CRISANTEMO',0,7,2.58,4.00,3.50,3.00,0.00,'/srv/volcancito/trompocolorfullcrisantemo.jpg',0,12),
	(188,'DS0621','CANDELA VULCAN AIRBOMB',0,11,14.82,32.00,27.00,24.00,0.00,'/var/lib/tomcat7/webapps/Volcancito/assets/img/placeholder_default.png',0,13),
	(189,'W001','AMETRALLADORA CHINA',0,11,3.91,6.50,5.50,5.00,0.00,'/srv/volcancito/metrallachina.jpg',0,7),
	(190,'W420','FUENTE JARRILLA DE TE',0,6,30.39,51.00,43.50,38.00,0.00,'/var/lib/tomcat7/webapps/Volcancito/assets/img/placeholder_default.png',0,10),
	(191,'0204','LATIGO MAGICO PEQUEO',0,7,7.50,14.00,12.00,10.00,0.00,'/var/lib/tomcat7/webapps/Volcancito/assets/img/placeholder_default.png',0,7),
	(192,'CD003','ARO MAGICO',0,6,3.51,6.00,5.00,4.50,0.00,'/var/lib/tomcat7/webapps/Volcancito/assets/img/placeholder_default.png',0,12),
	(193,'V003','HULA HOOPS',0,8,20.00,40.00,35.00,30.00,0.00,'/srv/volcancito/trompohulahoops.jpg',0,12),
	(194,'CP1364','CAMIONSITO',0,5,10.90,18.00,15.00,13.50,0.00,'/var/lib/tomcat7/webapps/Volcancito/assets/img/placeholder_default.png',0,18),
	(195,'LN6026','CARRO CORREDOR',0,5,13.50,22.50,19.00,17.00,0.00,'/var/lib/tomcat7/webapps/Volcancito/assets/img/placeholder_default.png',0,18),
	(196,'V011','CANDELA VOLCANCITO',0,8,12.00,20.00,17.50,15.00,0.00,'/srv/volcancito/candela10efectos.jpg',0,13),
	(197,'A1146','FLASH PERINGATAN',0,9,42.00,72.00,60.00,52.50,0.00,'/var/lib/tomcat7/webapps/Volcancito/assets/img/placeholder_default.png',0,16),
	(198,'0210','PITA DE BROMA',0,7,3.40,12.00,8.00,6.75,0.00,'/var/lib/tomcat7/webapps/Volcancito/assets/img/placeholder_default.png',0,18),
	(199,'V004','FOOTBALL CRACK',0,8,15.00,25.00,22.50,19.00,0.00,'/srv/volcancito/footballcrack.jpeg',0,32),
	(200,'A004/SR4','XPU3AHMEMA',0,9,11.00,18.00,16.00,14.00,0.00,'/srv/volcancito',0,14),
	(201,'K7780','VOLADOR AVION NOCTURNO',0,2,14.53,24.00,20.00,18.00,0.00,'/srv/volcancito/voladoravionnocturno.jpg',0,14),
	(202,'C7724','MARIPOSA GIGANTE CIENFUEGOS',0,2,17.00,30.00,26.00,22.50,0.00,'/srv/volcancito/voladormariposagigante.jpg',0,14),
	(203,'C3304','DOBLE BANG',0,2,0.94,2.00,1.50,1.25,0.00,'/var/lib/tomcat7/webapps/Volcancito/assets/img/placeholder_default.png',0,8),
	(204,'G1121','VOLADOR HOT FIRE',0,5,8.90,15.00,13.00,12.00,0.00,'/var/lib/tomcat7/webapps/Volcancito/assets/img/placeholder_default.png',0,14),
	(205,'C4450','SUPER TRON',0,2,15.00,25.00,22.00,18.00,0.00,'/var/lib/tomcat7/webapps/Volcancito/assets/img/placeholder_default.png',0,17),
	(206,'A1346/HSK0606','MORTERO BIG BIG BROTHER PEDRO G',0,9,20.00,33.50,28.75,25.00,22.25,'/srv/volcancito',0,17),
	(207,'VC-A026','DOUBLE THUNDER',0,11,7.50,10.00,10.00,9.50,0.00,'/srv/volcancito',0,17),
	(208,'GB0123C','GOLD PEARL',0,5,3.50,6.00,5.00,4.50,0.00,'/var/lib/tomcat7/webapps/Volcancito/assets/img/placeholder_default.png',0,8),
	(209,'K0203-4/SFA0203C','BAZUKA 4',0,9,1.00,3.00,2.50,2.00,0.00,'/srv/volcancito',0,8),
	(210,'M1001','LIGHTNING THUNDER',0,11,13.00,25.00,20.00,18.00,0.00,'/var/lib/tomcat7/webapps/Volcancito/assets/img/placeholder_default.png',0,10),
	(211,'LVN0004','FLASH HORMIGUERO',0,12,2.50,7.00,6.00,5.50,0.00,'/var/lib/tomcat7/webapps/Volcancito/assets/img/placeholder_default.png',0,16),
	(212,'C3316A','METRALLA  10/40/14',0,2,28.70,46.00,40.00,34.00,0.00,'/srv/volcancito',0,7),
	(213,'V006','VOLADOR AVIONCITOS',0,8,3.80,7.00,6.00,5.00,0.00,'/var/lib/tomcat7/webapps/Volcancito/assets/img/placeholder_default.png',0,14),
	(214,'1024-1','PILICRACKER VOLCANCITO',0,8,5.00,10.00,7.00,6.50,0.00,'/srv/volcancito/pilicrackervolcancito.jpeg',0,32),
	(215,'1024','PILICRACKER',0,3,5.25,10.00,7.00,6.50,0.00,'/var/lib/tomcat7/webapps/Volcancito/assets/img/placeholder_default.png',0,32),
	(216,'SF0901C','TROMPO TERRESTRE GROUND BLOOM FLOWER',0,9,2.08,4.00,3.00,2.90,0.00,'/var/lib/tomcat7/webapps/Volcancito/assets/img/placeholder_default.png',0,12),
	(217,'0901C','TROMPO TERRESTRE CON CRACKER',0,3,2.08,4.00,3.00,2.90,0.00,'/var/lib/tomcat7/webapps/Volcancito/assets/img/placeholder_default.png',0,12),
	(218,'1053','MINI CICCIOLI',0,9,3.00,5.00,5.00,4.50,0.00,'/var/lib/tomcat7/webapps/Volcancito/assets/img/placeholder_default.png',0,8),
	(219,'K8868P','FLOR DE VELA',0,2,12.00,20.00,17.00,15.00,0.00,'/srv/volcancito',0,30),
	(220,'FB-7009','FLYING DIAMOND',0,5,18.00,30.00,25.00,22.50,0.00,'/var/lib/tomcat7/webapps/Volcancito/assets/img/placeholder_default.png',0,14),
	(221,'0901BR','TROMPO CON BOMBA',0,3,2.67,4.50,3.50,3.00,0.00,'/var/lib/tomcat7/webapps/Volcancito/assets/img/placeholder_default.png',0,12),
	(222,'LF0902','FUENTE MARIPOSA',0,5,18.00,30.00,25.50,22.50,0.00,'/srv/volcancito/fuentemariposa.jpg',0,10),
	(223,'GB0123F','GOLD PEARL 2 BANG',0,5,2.50,5.00,5.00,5.00,0.00,'/var/lib/tomcat7/webapps/Volcancito/assets/img/placeholder_default.png',0,8),
	(224,'W526B','MARIPOSA PRIMAVERAL',0,3,3.50,7.00,5.00,4.50,0.00,'/var/lib/tomcat7/webapps/Volcancito/assets/img/placeholder_default.png',0,14),
	(225,'W524','VOLADOR TROMPO ESPACIAL CHINO',0,9,9.00,18.00,15.00,14.00,0.00,'/srv/volcancito/trompovoladorchino.jpg',0,14),
	(226,'LVN0002','COLITA DE RATON',0,3,12.52,0.00,0.00,0.00,0.00,'/srv/volcancito/trompocolitaderaton.jpg',0,18),
	(227,'W701','JUGUETERIA GALLINITA',0,11,21.80,40.00,35.00,30.00,0.00,'/srv/volcancito/gallinita.jpg',0,18),
	(228,'W702','JUGUETERIA GALLO CANTOR',0,9,33.00,55.00,47.00,41.50,0.00,'/var/lib/tomcat7/webapps/Volcancito/assets/img/placeholder_default.png',0,18),
	(229,'W705','TANQUE LUMINOSO',0,3,26.02,37.50,32.00,32.00,0.00,'/srv/volcancito/jugueteriatanke.jpg',0,18),
	(230,'M1002','TROMPO SPITFIRE',0,7,4.50,10.00,8.50,7.50,0.00,'/var/lib/tomcat7/webapps/Volcancito/assets/img/placeholder_default.png',0,12),
	(231,'GE8A19','FLAMING EYES',0,11,6.00,10.00,8.50,7.50,0.00,'/var/lib/tomcat7/webapps/Volcancito/assets/img/placeholder_default.png',0,12),
	(232,'W722','PEZ DORADO',0,5,17.65,28.00,25.00,22.00,0.00,'/var/lib/tomcat7/webapps/Volcancito/assets/img/placeholder_default.png',0,18),
	(233,'V005','VOLADOR MARIPOSAS VERDE',0,8,5.00,8.50,7.50,6.50,0.00,'/var/lib/tomcat7/webapps/Volcancito/assets/img/placeholder_default.png',0,14),
	(234,'NOV733','CAMION MONSTRUO',0,5,21.00,35.00,30.00,30.00,0.00,'/var/lib/tomcat7/webapps/Volcancito/assets/img/placeholder_default.png',0,18),
	(235,'RF2512','TROMPO HAPPY TIME',0,11,15.00,25.00,21.00,18.00,0.00,'/var/lib/tomcat7/webapps/Volcancito/assets/img/placeholder_default.png',0,12),
	(236,'M-45','SUPER TANQUE',0,5,25.50,42.50,36.50,32.00,0.00,'/var/lib/tomcat7/webapps/Volcancito/assets/img/placeholder_default.png',0,18),
	(237,'W725','MONITO',0,5,23.20,38.00,28.00,28.00,0.00,'/var/lib/tomcat7/webapps/Volcancito/assets/img/placeholder_default.png',0,18),
	(238,'7006','JUGUETERIA MINI DRAGS',0,5,17.50,29.00,25.00,22.00,0.00,'/var/lib/tomcat7/webapps/Volcancito/assets/img/placeholder_default.png',0,18),
	(239,'VK4961','VOLADOR SUPER SPACE FLY',0,3,13.50,20.00,18.00,16.00,0.00,'/var/lib/tomcat7/webapps/Volcancito/assets/img/placeholder_default.png',0,14),
	(240,'W530','VOLADOR MARIPOSA DE DOS ETAPAS',0,6,5.92,8.50,7.50,7.00,0.00,'/var/lib/tomcat7/webapps/Volcancito/assets/img/placeholder_default.png',0,14),
	(241,'VKG001','TROMPO PIERRO',0,3,6.00,10.00,9.00,7.00,0.00,'/var/lib/tomcat7/webapps/Volcancito/assets/img/placeholder_default.png',0,12),
	(242,'VK928','SMOKE BALLS',0,3,5.00,5.00,5.00,5.00,0.00,'/srv/volcancito/humosmokeball.jpg',0,27),
	(243,'C0006','VARITA MAGICA No. 1',0,2,2.52,4.50,4.00,3.50,0.00,'/srv/volcancito/bengalitano.1varitamagica.jpg',0,30),
	(244,'P5008','GATO VOLADOR',0,7,7.75,13.00,11.00,9.75,0.00,'/var/lib/tomcat7/webapps/Volcancito/assets/img/placeholder_default.png',0,14),
	(245,'ID-15006','MARIQUITA',0,3,13.00,22.00,18.50,16.00,0.00,'/var/lib/tomcat7/webapps/Volcancito/assets/img/placeholder_default.png',0,14),
	(246,'AF001','VOLADOR SUPER FLYER',0,3,12.00,20.00,17.00,15.00,0.00,'/srv/volcancito',0,14),
	(247,'T3500','JUMPING JACK',0,6,22.58,36.00,31.50,30.00,0.00,'/srv/volcancito/trompojumpingjack.jpg',0,12),
	(248,'K8866','BENGALITA PARA PASTEL',0,2,2.00,5.00,3.75,2.50,0.00,'/srv/volcancito',0,30),
	(249,'K8868C','VELA COPADA',0,2,14.48,25.00,22.00,20.00,0.00,'/srv/volcancito',0,30),
	(250,'LVN0006','VOLCAN PEQ CERRO NEGRO',0,3,11.00,14.00,14.00,14.00,0.00,'/var/lib/tomcat7/webapps/Volcancito/assets/img/placeholder_default.png',0,20),
	(251,'VP000QD','VOLCAN PEQ QUETZAL DORADO',0,13,7.00,12.00,10.00,9.00,0.00,'/srv/volcancito/volcanpequeoquetzaldorado.jpg',0,20),
	(252,'VP000GN','VOLCAN PEQ GATO NEGRO',0,14,7.00,12.00,10.00,9.00,0.00,'/var/lib/tomcat7/webapps/Volcancito/assets/img/placeholder_default.png',0,20),
	(253,'VP000LT','VOLCAN PEQ LEON CON TIGRE',0,15,7.00,12.00,10.00,9.00,0.00,'/srv/volcancito/volcanpequeoleoncontigre.jpg',0,20),
	(254,'VP000TN','VOLCAN PEQ TAURO NACIONAL',0,16,6.00,10.00,9.00,8.00,0.00,'/srv/volcancito/olcanpequeotauro.jpg',0,20),
	(255,'VP000TBN','VOLCAN PEQ TIGRE NACIONAL',0,16,6.00,10.00,9.00,8.00,0.00,'/var/lib/tomcat7/webapps/Volcancito/assets/img/placeholder_default.png',0,20),
	(256,'ELT0103','VOLCAN PEQ TAURO ORIGINAL',0,5,14.50,16.00,16.00,15.50,0.00,'/srv/volcancito/volcantaurooriginal.jpeg',0,20),
	(257,'V010','TROMPO ROSADO VOLCANCITO',0,8,2.33,3.75,3.00,3.00,0.00,'/srv/volcancito/trompovolcancito.jpg',0,12),
	(258,'VM000SC','VOLCAN MED SUPER CEBUCANO',0,18,10.50,18.00,17.00,16.00,0.00,'/var/lib/tomcat7/webapps/Volcancito/assets/img/placeholder_default.png',0,20),
	(259,'VM000ET','VOLCAN MED EL TUCAN',0,16,10.50,18.00,17.00,16.00,0.00,'/var/lib/tomcat7/webapps/Volcancito/assets/img/placeholder_default.png',0,20),
	(260,'VM000TA','VOLCAN MED TIGRE AZTECA',0,17,10.50,18.00,17.00,16.00,0.00,'/srv/volcancito/volcanmedianotigreazteca.jpg',0,20),
	(261,'VM000BP','VOLCAN MED BLACK PANTHER',0,16,10.50,16.00,15.00,14.00,0.00,'/srv/volcancito/volcanmedianoblackpanther.jpg',0,20),
	(262,'ELT0301M','VOLCAN MED TAURO ORIGINAL',0,5,15.00,20.00,18.00,16.00,0.00,'/srv/volcancito/volcanmedianotauro.jpeg',0,20),
	(263,'VM000EP','VOLCAN MED EL PANDA',0,16,10.50,18.00,17.00,16.00,0.00,'/var/lib/tomcat7/webapps/Volcancito/assets/img/placeholder_default.png',0,20),
	(264,'VM000LT','VOLCAN MED LEON CON TIGRE',0,15,10.50,18.00,17.00,16.00,0.00,'/var/lib/tomcat7/webapps/Volcancito/assets/img/placeholder_default.png',0,20),
	(265,'VM000RC','VOLCAN MED RELAMPAGO CON CRACKER',0,20,16.00,20.00,20.00,18.00,0.00,'/srv/volcancito',0,20),
	(266,'VM000P','VOLCAN MED PLANETA',0,19,16.00,20.00,20.00,18.00,0.00,'/srv/volcancito/volcanmedianoplaneta.jpg',0,20),
	(267,'VG000ER','VOLCAN GIG EL RODEO',0,23,10.50,18.00,17.00,16.00,0.00,'/var/lib/tomcat7/webapps/Volcancito/assets/img/placeholder_default.png',0,20),
	(268,'VG000C','VOLCAN GIG EL CHAPULIN',0,21,10.50,18.00,17.00,16.00,0.00,'/var/lib/tomcat7/webapps/Volcancito/assets/img/placeholder_default.png',0,20),
	(269,'VG000BP','VOLCAN GIG BLACK PANTHER',0,16,10.50,17.00,16.00,14.00,0.00,'/var/lib/tomcat7/webapps/Volcancito/assets/img/placeholder_default.png',0,20),
	(270,'VG000TA','VOLCAN GIG TIGRE AZTECA',0,17,10.50,18.00,17.00,16.00,0.00,'/var/lib/tomcat7/webapps/Volcancito/assets/img/placeholder_default.png',0,20),
	(271,'VG000EP','VOLCAN GIG EL PANDA',0,16,10.50,18.00,17.00,16.00,0.00,'/var/lib/tomcat7/webapps/Volcancito/assets/img/placeholder_default.png',0,20),
	(272,'VG000QD','VOLCAN GIG QUETZAL DORADO',0,22,10.50,18.00,17.00,16.00,0.00,'/var/lib/tomcat7/webapps/Volcancito/assets/img/placeholder_default.png',0,20),
	(273,'VG000RC','VOLCAN GIGANTE RELAMPAGO CON CRACKER',0,20,15.00,20.00,18.00,16.00,0.00,'/srv/volcancito',0,20),
	(274,'VG000P','VOLCAN GIG PLANETA',0,19,15.00,20.00,18.00,16.00,0.00,'/var/lib/tomcat7/webapps/Volcancito/assets/img/placeholder_default.png',0,20),
	(275,'VG000LT','VOLCAN GIG LEON CON TIGRE',0,15,10.50,18.00,17.00,16.00,0.00,'/var/lib/tomcat7/webapps/Volcancito/assets/img/placeholder_default.png',0,20),
	(276,'ELT0301G','VOLCAN GIG TAURO ORIGINAL',0,5,15.00,25.00,21.00,19.00,0.00,'/var/lib/tomcat7/webapps/Volcancito/assets/img/placeholder_default.png',0,20),
	(277,'C8833','VOLCAN DORADO 1000 GR',0,2,85.00,145.00,125.00,110.00,0.00,'/srv/volcancito/volcandorado1000gramos.jpg',0,20),
	(278,'T4207','CONFETTI PAPEL SURTIDO',0,2,12.00,25.00,20.00,18.00,0.00,'/srv/volcancito/papelsurtido.jpg',0,22),
	(279,'T4201','CONFETTI PASION BLANCA Y CELESTE',0,2,12.00,25.00,20.00,18.00,0.00,'/srv/volcancito/pasionblancayceleste.jpg',0,22),
	(280,'T4221','-CONFETTI PAPEL BODAS BLANCO',0,2,12.00,25.00,20.00,18.00,0.00,'/srv/volcancito/papelblancobodas.jpg',0,22),
	(281,'T4215','CONFETTI PAPEL METALIZADO PLATEADO',0,2,12.00,25.00,20.00,18.00,0.00,'/srv/volcancito',0,22),
	(282,'T4214','CONFETTI PAPEL METALIZADO COLORES SURTIDOS',0,2,12.00,25.00,20.00,18.00,0.00,'/srv/volcancito/papelmetalizadosurtido.jpg',0,22),
	(283,'T4216','CONFETTI PAPEL METALIZADO DORADO',0,2,12.00,25.00,20.00,18.00,0.00,'/srv/volcancito/papelmetalizadodorado.jpg',0,22),
	(284,'T4203','CONFETTI PASION ROJA',0,2,12.00,25.00,20.00,18.00,0.00,'/srv/volcancito',0,22),
	(285,'T4208','CONFETTI PETALOS DE TELA ROJO',0,2,16.00,30.00,25.00,20.00,0.00,'/srv/volcancito/petalosdetelarojo.jpg',0,22),
	(286,'T4206','CONFETTI PAPEL SURTIDO Y SERPENTINA',0,2,12.00,25.00,20.00,18.00,0.00,'/srv/volcancito/papelsurtidoyserpentina.jpg',0,22),
	(287,'T4209','CONFETTI PETALOS DE TELA COLOR BLANCO',0,2,16.00,30.00,25.00,20.00,0.00,'/srv/volcancito/petalostelablancos.jpg',0,22),
	(288,'T4210','CONFETTI PETALOS DE TELA LILA',0,2,16.00,30.00,25.00,20.00,0.00,'/srv/volcancito/petalostelalila.jpg',0,22),
	(289,'C7706','GIRATORIO 6 CHISPEROS',0,2,7.78,14.00,12.00,10.50,0.00,'/srv/volcancito/giratoride6chisperos.jpg',0,21),
	(290,'C1160','ROCKET CAA BOMBA 60 CM',0,2,28.33,47.50,41.00,36.00,0.00,'/var/lib/tomcat7/webapps/Volcancito/assets/img/placeholder_default.png',0,19),
	(291,'K1100','ROCKET SILBADOR TRAZANTE CON TRUENO',0,2,14.86,24.00,21.00,18.50,0.00,'/var/lib/tomcat7/webapps/Volcancito/assets/img/placeholder_default.png',0,19),
	(292,'C1191','ROCKET COLORES SURTIDOS',0,2,12.00,20.00,18.00,15.00,0.00,'/var/lib/tomcat7/webapps/Volcancito/assets/img/placeholder_default.png',0,19),
	(293,'GWR6102','SKY ROCKETS',0,3,17.18,28.00,25.00,22.00,0.00,'/var/lib/tomcat7/webapps/Volcancito/assets/img/placeholder_default.png',0,19),
	(294,'C1140','ROCKET CAA 40 CM SURTIDO',0,2,14.89,25.00,21.50,19.00,0.00,'/var/lib/tomcat7/webapps/Volcancito/assets/img/placeholder_default.png',0,19),
	(295,'GWL200','CANDELA SAJITA',0,3,21.31,36.00,32.00,27.50,0.00,'/var/lib/tomcat7/webapps/Volcancito/assets/img/placeholder_default.png',0,13),
	(296,'C0002','BENGALITA No.2',0,2,4.24,7.50,6.50,5.50,0.00,'/var/lib/tomcat7/webapps/Volcancito/assets/img/placeholder_default.png',0,30),
	(297,'SNOV05','HUMO JUMBO',0,11,4.50,8.00,7.00,6.00,0.00,'/var/lib/tomcat7/webapps/Volcancito/assets/img/placeholder_default.png',0,27),
	(298,'SF004','BATERIA PALMERA DORADA CON COLAS DE CABALLO',0,6,279.51,465.00,400.00,350.00,0.00,'/var/lib/tomcat7/webapps/Volcancito/assets/img/placeholder_default.png',0,9),
	(299,'BP2218','BATERIA SKY MONITOR',0,11,146.64,245.00,210.00,180.00,0.00,'/var/lib/tomcat7/webapps/Volcancito/assets/img/placeholder_default.png',0,9),
	(300,'B4406','BOMBETA PIMENTA',0,2,10.00,17.00,15.00,15.00,0.00,'/var/lib/tomcat7/webapps/Volcancito/assets/img/placeholder_default.png',0,24),
	(301,'B4409','BOMBETA MISCELANEA',0,2,11.75,20.00,17.00,15.00,0.00,'/var/lib/tomcat7/webapps/Volcancito/assets/img/placeholder_default.png',0,24),
	(302,'B4405','BOMBETA FIESTA DE COLORES',0,2,14.25,20.00,20.00,20.00,0.00,'/var/lib/tomcat7/webapps/Volcancito/assets/img/placeholder_default.png',0,24),
	(303,'B4411','BOMBETA RODELO',0,2,13.33,22.00,18.50,16.50,0.00,'/var/lib/tomcat7/webapps/Volcancito/assets/img/placeholder_default.png',0,24),
	(304,'A4262','BOMBETA CANHAO',0,2,45.34,65.00,60.00,55.00,0.00,'/var/lib/tomcat7/webapps/Volcancito/assets/img/placeholder_default.png',0,24),
	(305,'C4411','DISPLAY SHELL DE TRUENO',0,2,38.50,65.00,55.00,50.00,0.00,'/srv/volcancito/artilleriadisplayshelldetrueno.jpg',0,23),
	(306,'C4412','DISPLAY SHELL DE COLOR',0,2,40.75,70.00,60.00,52.00,0.00,'/srv/volcancito/artilleriadisplayshelldecolor.jpg',0,23),
	(307,'FK8016A','ARTILLERIA SATURN RISING',0,6,128.38,214.00,183.50,160.50,0.00,'/var/lib/tomcat7/webapps/Volcancito/assets/img/placeholder_default.png',0,23),
	(308,'BASE','BASE PARA QUEMAR PIROTECNIA',0,16,5.00,6.00,6.00,6.00,0.00,'/var/lib/tomcat7/webapps/Volcancito/assets/img/placeholder_default.png',0,33),
	(309,'MS410','X WING MISSILE',0,11,105.53,99.00,99.00,99.00,0.00,'/var/lib/tomcat7/webapps/Volcancito/assets/img/placeholder_default.png',0,19),
	(311,'C4446','FLORERITO ESTRUENDOSO 100/10',0,2,3.00,6.00,5.00,3.75,0.00,'/srv/volcancito',0,8),
	(313,'19191','FUENTE INDOR 20X10 PLATA',0,2,35.00,75.00,65.00,58.50,0.00,'/srv/volcancito',0,36),
	(314,'LVN0003','FUENTE CERVECITA',0,12,12.00,33.00,28.50,25.00,0.00,'/srv/volcancito',0,10),
	(315,'FD0530B','FUENTE TWITTER GLITTER',0,11,9.50,16.00,14.00,12.00,0.00,'/var/lib/tomcat7/webapps/Volcancito/assets/img/placeholder_default.png',0,10),
	(316,'3455-02-1-108','FUENTE HOLLEN ZAUBER',0,11,4.50,7.50,6.50,5.75,0.00,'/var/lib/tomcat7/webapps/Volcancito/assets/img/placeholder_default.png',0,10),
	(317,'C1181','ROCKET KILLER',0,2,28.33,47.50,41.00,36.00,0.00,'/srv/volcancito/rocketkiller.jpg',0,19),
	(318,'FC181','ROCKET FANTASTICA',0,2,0.00,0.00,0.00,0.00,0.00,'/var/lib/tomcat7/webapps/Volcancito/assets/img/placeholder_default.png',0,19),
	(319,'C1183','ROJO FUEGO',0,2,43.33,72.50,62.00,55.00,0.00,'/srv/volcancito/rocketrojofuego.jpg',0,19),
	(320,'C1184','AZUL BRILLANTE',0,2,43.33,72.50,62.00,55.00,0.00,'/var/lib/tomcat7/webapps/Volcancito/assets/img/placeholder_default.png',0,19),
	(321,'C1198','DISCOVERY',0,2,42.50,71.00,61.00,53.50,0.00,'/srv/volcancito/rocketdiscovery.jpg',0,19),
	(322,'C1156','ROCKET APOLO',0,2,70.00,90.00,90.00,90.00,0.00,'/var/lib/tomcat7/webapps/Volcancito/assets/img/placeholder_default.png',0,19),
	(323,'C1190','ROCKET AGUILA',0,2,24.00,40.00,35.00,30.00,0.00,'/var/lib/tomcat7/webapps/Volcancito/assets/img/placeholder_default.png',0,19),
	(324,'C1188','ROCKET SAUCE',0,2,35.25,59.00,51.00,45.00,0.00,'/var/lib/tomcat7/webapps/Volcancito/assets/img/placeholder_default.png',0,19),
	(325,'K2209','ALEGRIA GOLDEN',0,11,36.50,60.00,53.00,46.00,0.00,'/var/lib/tomcat7/webapps/Volcancito/assets/img/placeholder_default.png',0,31),
	(326,'A1020','ALEGRIA MULTICOLOR GRANDE',0,9,8.00,14.00,12.00,10.00,0.00,'/var/lib/tomcat7/webapps/Volcancito/assets/img/placeholder_default.png',0,31),
	(327,'0983','ALEGRIA NOCHE DE GLORIA PALO LARGO',0,6,13.25,20.00,18.00,17.00,0.00,'/srv/volcancito/nochesdegloriapalolargo.jpeg',0,31),
	(328,'T6237','CANDELA CHINA DE 15 TIROS',0,16,9.00,15.00,13.00,11.50,0.00,'/srv/volcancito/candelade15.jpg',0,13),
	(329,'T6234','CANDELA CHINA DE 5 TIROS',0,16,5.00,9.00,8.00,7.00,0.00,'/srv/volcancito/candelade5.jpg',0,13),
	(330,'T6236','CANDELA CHINA DE 10 TIROS',0,16,7.00,12.00,10.00,8.75,0.00,'/srv/volcancito/candelade10.jpg',0,13),
	(331,'T6238','CANDELA CHINA DE 20 TIROS',0,7,12.00,18.00,16.00,14.50,0.00,'/srv/volcancito/candelade20.jpg',0,13),
	(332,'T6239','CANDELA CHINA 25 TIROS',0,16,14.00,20.00,17.50,15.00,0.00,'/srv/volcancito/candelade25.jpg',0,13),
	(333,'T6240','CANDELA CHINA DE 30 TIROS',0,16,15.21,25.00,21.00,18.75,0.00,'/srv/volcancito/candelade30.jpg',0,13),
	(334,'T6243','CANDELA CHINA DE 50 TIROS',0,16,13.40,20.00,17.50,15.00,0.00,'/srv/volcancito/candelade50.jpg',0,13),
	(335,'T6246','CANDELA CHINA DE 80 TIROS',0,16,17.00,33.50,28.50,22.00,0.00,'/var/lib/tomcat7/webapps/Volcancito/assets/img/placeholder_default.png',0,13),
	(336,'C6630','CANDELA MULTICOLOR DE 30 TIROS',0,2,9.75,16.50,14.00,12.50,0.00,'/var/lib/tomcat7/webapps/Volcancito/assets/img/placeholder_default.png',0,13),
	(337,'C6605','CANDELA MULTICOLOR DE 5 TIROS',0,2,2.93,5.00,4.50,4.00,0.00,'/var/lib/tomcat7/webapps/Volcancito/assets/img/placeholder_default.png',0,13),
	(338,'C6610','CANDELA MULTICOLOR DE 10 TIROS',0,2,4.39,7.50,6.50,5.50,0.00,'/var/lib/tomcat7/webapps/Volcancito/assets/img/placeholder_default.png',0,13),
	(339,'C6670','CANDELA MULTICOLOR DE 70 TIROS',0,2,5.00,7.00,6.00,5.00,0.00,'/var/lib/tomcat7/webapps/Volcancito/assets/img/placeholder_default.png',0,13),
	(340,'073-01','CANDELA ROMANA  TIGRE DE 20 TIROS',0,11,17.00,8.00,8.00,8.00,0.00,'/srv/volcancito',0,13),
	(341,'072-01','CANDELA ROMANA TIGRE  DE 15 TIROS',0,11,15.00,5.00,5.00,5.00,0.00,'/srv/volcancito',0,13),
	(342,'HP105','CANDELA DE EFECTOS 8 TIROS',0,6,6.05,12.00,10.00,9.00,0.00,'/var/lib/tomcat7/webapps/Volcancito/assets/img/placeholder_default.png',0,13),
	(343,'RN10','ROCKET NACIONAL',0,16,13.00,18.00,17.00,15.00,0.00,'/var/lib/tomcat7/webapps/Volcancito/assets/img/placeholder_default.png',0,19),
	(344,'T6242','CANDELA CHINA DE 40 TIROS',0,16,18.00,30.00,26.00,22.50,0.00,'/var/lib/tomcat7/webapps/Volcancito/assets/img/placeholder_default.png',0,13),
	(345,'T6248','CANDELA CHINA DE 100 TIROS',0,16,25.00,42.00,36.00,32.00,0.00,'/srv/volcancito/candelade100.jpg',0,13),
	(346,'JP','INCIENSO',0,7,0.18,1.00,1.00,1.00,0.00,'/srv/volcancito/incienso.jpg',0,33),
	(347,'TALON','TALON PARA TORO',0,24,1.00,2.00,1.75,1.50,0.00,'/srv/volcancito/talonparatoros.jpg',0,33),
	(348,'TUBCAS','TALON PARA CASCADA',0,16,10.00,15.00,14.00,12.50,0.00,'/srv/volcancito/tubodecascada.jpg',0,33),
	(349,'C2001','BOMBETA 12X1',0,2,3.60,17.00,14.50,12.50,0.00,'/var/lib/tomcat7/webapps/Volcancito/assets/img/placeholder_default.png',0,24),
	(350,'K8866A','BENGALITA PARA ROTULO SIN PUNTA',0,8,1.50,5.00,2.75,2.50,0.00,'/var/lib/tomcat7/webapps/Volcancito/assets/img/placeholder_default.png',0,30),
	(351,'GW6060','BARRILITO CRACKER',0,11,21.00,35.00,30.00,26.50,0.00,'/var/lib/tomcat7/webapps/Volcancito/assets/img/placeholder_default.png',0,32),
	(352,'C3302','FOSFORO COHETE',0,2,9.36,16.00,13.50,12.00,0.00,'/srv/volcancito/trompofosforocohete.jpg',0,8),
	(353,'FCH','FOSFORITO CHINO',0,16,3.20,5.00,4.50,4.00,0.00,'/var/lib/tomcat7/webapps/Volcancito/assets/img/placeholder_default.png',0,8),
	(354,'LV035','ESTRELLA PEQ LEON',0,3,8.50,10.00,9.00,9.00,0.00,'/srv/volcancito/estrellaleonpequea.jpg',0,29),
	(355,'ELT-0101','ESTRELLA PEQ TAURO',0,5,9.20,10.00,9.75,9.50,0.00,'/srv/volcancito/estrellatauropequea.jpg',0,29),
	(356,'002-01','ESTRELLA  PEQ TIGRE BRAND',0,11,9.20,10.00,10.00,9.75,0.00,'/srv/volcancito/estrellatigrebranpequea.jpg',0,29),
	(357,'009-01','ESTRELLA PEQ DE LUJO',0,11,8.08,10.00,8.50,8.25,0.00,'/srv/volcancito/estrelladelujo.jpg',0,29),
	(358,'008-01','ESTRELLA GIGANTE DE COLOR',0,11,6.00,7.00,6.50,6.25,0.00,'/srv/volcancito/estrellagigantedecolor.jpg',0,29),
	(359,'006-01','ESTRELLA GIGANTE CORRIENTE',0,11,5.20,7.00,6.00,5.50,0.00,'/srv/volcancito/estrellagigantetigrebrandcorriente.jpg',0,29),
	(360,'004-01','ESTRELLA PEQ TIGRE DE COLOR',0,11,8.00,10.00,8.50,8.50,0.00,'/srv/volcancito/estrellatigregranpequeadecolor.jpg',0,29),
	(361,'GW977','ESTRELLA PEQ POLAR',0,3,6.50,10.00,9.20,8.20,0.00,'/var/lib/tomcat7/webapps/Volcancito/assets/img/placeholder_default.png',0,29),
	(362,'CHN000N','CHILTEPE NACIONAL',0,16,2.50,4.50,4.00,3.50,0.00,'/srv/volcancito/chiltepenacional.jpg',0,28),
	(363,'CHN000M','CHILTEPE MEXICANO',0,16,2.60,5.00,4.50,4.00,0.00,'/srv/volcancito/chitepemexicano.jpg',0,28),
	(364,'CH000MS','CHILTEPE MINI SALTARIN',0,16,2.60,4.50,4.00,3.50,0.00,'/srv/volcancito/minisaltarin.jpeg',0,28),
	(365,'CH000HP','CHILTEPE HUEVO DE PATO',0,16,25.00,35.00,32.00,30.00,0.00,'/srv/volcancito/chiltepehuevodepato.jpeg',0,28),
	(366,'CH0001','CHILTEPE CHIBOLON',0,16,26.00,35.00,32.00,30.00,0.00,'/var/lib/tomcat7/webapps/Volcancito/assets/img/placeholder_default.png',0,28),
	(367,'LV026A','ESPANTA SUEGRA',0,3,3.00,12.00,10.00,9.00,0.00,'/srv/volcancito/chiltepeespantasuegra.jpg',0,28),
	(368,'TR000A','TRONADOR TIPO A',0,16,7.66,12.00,11.00,10.50,0.00,'/var/lib/tomcat7/webapps/Volcancito/assets/img/placeholder_default.png',0,15),
	(369,'TR000B','TRONADOR TIPO B',0,16,7.50,12.00,11.00,10.50,0.00,'/var/lib/tomcat7/webapps/Volcancito/assets/img/placeholder_default.png',0,15),
	(370,'TR000SA','TRONADOR TIPO SUPER A',0,16,11.50,14.50,14.00,13.50,0.00,'/srv/volcancito/tromposupera.jpg',0,15),
	(371,'BTP000B','BOMBA TRIANGULAR PEQ TIPO B',0,16,6.99,8.50,8.50,8.50,0.00,'/var/lib/tomcat7/webapps/Volcancito/assets/img/placeholder_default.png',0,25),
	(372,'BTP000A','BOMBA TRIANGULAR PEQ TIPO A',0,16,5.80,8.00,8.00,8.00,0.00,'/srv/volcancito/BOMBASTIC.jpg',0,25),
	(373,'BTP000SA','BOMBA TRIANGULAR PEQ CON MARCA',0,16,10.00,14.00,13.00,12.00,0.00,'/var/lib/tomcat7/webapps/Volcancito/assets/img/placeholder_default.png',0,25),
	(374,'BTG000B','BOMBA TRIANGULAR GIG TIPO B',0,16,0.23,1.00,0.75,0.75,0.00,'/srv/volcancito/bombatriangulargigantetoronegro.jpg',0,25),
	(375,'BTG000A','BOMBA TRIANGULAR GIG TIPO A',0,16,0.35,1.00,0.75,0.75,0.00,'/srv/volcancito/bombatriangulargiganteelzorro.jpg',0,25),
	(376,'BTG000SA','BOMBA TRIANGULAR GIG. TIPO SUPER A',0,16,0.40,1.00,1.00,0.75,0.00,'/srv/volcancito/bombatriangulargigantechimpance.jpg',0,25),
	(377,'BNT0003','BOMBA NACIONAL DE TRUENO 3 PULG.',0,16,4.58,5.42,5.42,5.17,0.00,'/srv/volcancito',0,25),
	(378,'BNT0004','BOMBA NACIONAL DE TRUENO 4 PULG.',0,16,7.50,10.00,10.00,9.25,0.00,'/var/lib/tomcat7/webapps/Volcancito/assets/img/placeholder_default.png',0,25),
	(379,'BNT70003','BOMBA DE 7 EXPLOSIONES DE 3 PULG.',0,16,14.58,25.00,20.00,18.00,0.00,'/var/lib/tomcat7/webapps/Volcancito/assets/img/placeholder_default.png',0,25),
	(380,'BNT140004','BOMBA DE 14 EXPLOSIONES DE 4 PULG.',0,16,31.25,50.00,45.00,38.00,0.00,'/var/lib/tomcat7/webapps/Volcancito/assets/img/placeholder_default.png',0,25),
	(389,'XX6027','FUENTE PLATEADA PARA ESCENARIO 5m X 0.5seg',0,2,35.00,58.50,50.00,45.00,0.00,'/var/lib/tomcat7/webapps/Volcancito/assets/img/placeholder_default.png',0,36),
	(390,'C1125','CAITA VOLADORA',0,2,17.50,30.00,28.00,26.00,0.00,'/srv/volcancito/caitavoladora.jpg',0,19),
	(391,'C1151','CAA COMETA CRACKERS Y ESTRUENDOS',0,2,6.50,11.00,9.50,8.50,0.00,'/srv/volcancito',0,19),
	(392,'C1152','CAA  50 CM SILBIDO Y COLOR',0,2,10.22,17.50,14.50,12.75,0.00,'/srv/volcancito/caassilbidoycolor.jpg',0,19),
	(393,'C7703','GIRATORIO 3 CHISPEROS',0,2,25.00,42.00,36.00,32.00,0.00,'/srv/volcancito/giratoriode3chisperos.jpg',0,21),
	(394,'C7707','GIRATORIO MUSICAL',0,2,27.00,45.00,40.00,34.00,0.00,'/var/lib/tomcat7/webapps/Volcancito/assets/img/placeholder_default.png',0,21),
	(395,'JZ-40','CONFETTI ORO DE 40CM',0,6,13.08,25.00,20.00,15.00,0.00,'/var/lib/tomcat7/webapps/Volcancito/assets/img/placeholder_default.png',0,22),
	(396,'PT1423','SERPENTINA PARTY POPPERS',0,16,25.00,42.00,36.00,32.00,0.00,'/var/lib/tomcat7/webapps/Volcancito/assets/img/placeholder_default.png',0,22),
	(397,'GM800','BOLITA DE HUMO DE ARCILLA',0,16,2.67,5.00,4.00,3.50,0.00,'/srv/volcancito/humocolrosmokballs.jpg',0,27),
	(398,'NOV2070','MAMMOTH SMOKE PEQUEO',0,16,4.34,10.00,7.00,7.00,0.00,'/var/lib/tomcat7/webapps/Volcancito/assets/img/placeholder_default.png',0,27),
	(399,'GWF005','SMOKE FOUNTAIN',0,16,4.34,10.00,7.00,7.00,0.00,'/var/lib/tomcat7/webapps/Volcancito/assets/img/placeholder_default.png',0,27),
	(400,'HT102Y','SMOKE YELLOW',0,16,5.40,10.00,7.00,7.00,0.00,'/var/lib/tomcat7/webapps/Volcancito/assets/img/placeholder_default.png',0,27),
	(401,'HT1020','SMOKE PURPLE',0,16,5.40,10.00,7.00,7.00,0.00,'/var/lib/tomcat7/webapps/Volcancito/assets/img/placeholder_default.png',0,27),
	(402,'LB-S005-A','COLOR MAMMOTH SMOKE',0,16,8.00,14.00,11.50,10.00,0.00,'/srv/volcancito',0,27),
	(403,'LSM062','ENCHANTING SMOKE',0,16,15.23,26.00,22.00,20.00,0.00,'/var/lib/tomcat7/webapps/Volcancito/assets/img/placeholder_default.png',0,27),
	(404,'JFS-1','SMOKE FOUNTAIN JORGE',0,16,5.40,12.00,8.00,7.00,0.00,'/srv/volcancito/humosmokefountain.jpg',0,27),
	(405,'C5002N','BENGALA DE HUMO NEGRO 20/1',0,2,10.00,17.00,15.00,12.50,0.00,'/srv/volcancito',0,30),
	(406,'V751','MORTERO DESTRUCTOR',0,7,20.00,34.00,29.00,25.00,0.00,'/var/lib/tomcat7/webapps/Volcancito/assets/img/placeholder_default.png',0,17),
	(407,'C4445','MORTERITO THUNDER KING',0,2,9.38,16.00,14.00,12.50,0.00,'/srv/volcancito/morteritothunderking.jpg',0,17),
	(408,'0435B','MARIPOSA CHINA AZUL PEQ.',0,9,14.20,24.00,20.00,17.50,0.00,'/srv/volcancito/springbuterfly.jpg',0,14),
	(409,'C7725','VOLADOR ABEJITA CIENFUEGOS 10/24/12',0,2,4.00,3.00,2.50,0.00,0.00,'/srv/volcancito',0,14),
	(410,'C7728','VOLADOR MOSQUITO CIENFUEGOS 10/24/12',0,2,2.05,4.00,3.00,2.50,0.00,'/srv/volcancito',0,14),
	(411,'HW310','VOLADOR MAD HATTER',0,16,11.06,18.00,15.00,14.00,0.00,'/var/lib/tomcat7/webapps/Volcancito/assets/img/placeholder_default.png',0,14),
	(412,'LVN0005','BOLITA FLASH',0,3,2.75,10.00,7.50,7.00,0.00,'/srv/volcancito/bolitaflash.jpg',0,16),
	(413,'T1120','TROMPO CRAWLIES',0,16,4.50,7.50,6.50,5.75,0.00,'/var/lib/tomcat7/webapps/Volcancito/assets/img/placeholder_default.png',0,12),
	(414,'C4279','SERPENTINA EN SPRAY',0,2,8.00,15.00,12.00,10.00,0.00,'/var/lib/tomcat7/webapps/Volcancito/assets/img/placeholder_default.png',0,18),
	(415,'C4278','NIEVE EN SPRAY',0,2,7.90,15.00,12.00,10.00,0.00,'/var/lib/tomcat7/webapps/Volcancito/assets/img/placeholder_default.png',0,18),
	(416,'C4277','BOCINA DE AIRE',0,2,12.00,20.00,18.00,15.00,0.00,'/var/lib/tomcat7/webapps/Volcancito/assets/img/placeholder_default.png',0,18),
	(417,'MTN','MINI TORITO NAVIDEO',0,25,4.17,7.00,6.00,5.50,0.00,'/var/lib/tomcat7/webapps/Volcancito/assets/img/placeholder_default.png',0,18),
	(418,'MPN','MINI PINITO NAVIDEO',0,25,4.17,7.00,6.00,5.50,0.00,'/var/lib/tomcat7/webapps/Volcancito/assets/img/placeholder_default.png',0,18),
	(419,'MBN','MINI BARQUITO NAVIDEO',0,25,4.17,7.00,6.00,5.50,0.00,'/var/lib/tomcat7/webapps/Volcancito/assets/img/placeholder_default.png',0,18),
	(420,'MAN','MINI ARBOLITO NAVIDEO',0,25,4.17,7.00,6.00,5.50,0.00,'/var/lib/tomcat7/webapps/Volcancito/assets/img/placeholder_default.png',0,18),
	(421,'MS404','X-WING MISSILE',0,16,39.50,65.00,56.00,50.00,0.00,'/var/lib/tomcat7/webapps/Volcancito/assets/img/placeholder_default.png',0,11),
	(422,'C2295','FUENTE 48 PERLAS',0,2,7.50,12.50,11.50,9.50,0.00,'/srv/volcancito/fuentede48perlas.jpg',0,10),
	(423,'4026','FUENTE HAPPY BOOM',0,16,3.00,5.00,4.25,3.75,0.00,'/var/lib/tomcat7/webapps/Volcancito/assets/img/placeholder_default.png',0,10),
	(424,'HP505','GLITTERING',0,16,3.50,6.00,5.00,4.50,0.00,'/var/lib/tomcat7/webapps/Volcancito/assets/img/placeholder_default.png',0,10),
	(425,'CRS2024AT','JADES EN FORMACION',0,16,160.00,275.00,230.00,210.00,0.00,'/var/lib/tomcat7/webapps/Volcancito/assets/img/placeholder_default.png',0,9),
	(426,'CD1303','BATERIA LLUVIA DE COLORES DE 36 TIROS',0,6,54.47,90.00,75.00,70.00,0.00,'/srv/volcancito/cd1303.jpeg',0,9),
	(428,'CD1203','BATERIA MEMO 25 TIROS',0,6,29.39,50.00,42.50,37.50,0.00,'/var/lib/tomcat7/webapps/Volcancito/assets/img/placeholder_default.png',0,9),
	(429,'LBM2','BATERIA NEW YORK STREET LEGAL 19 TIROS',0,16,176.81,295.00,250.00,225.00,0.00,'/var/lib/tomcat7/webapps/Volcancito/assets/img/placeholder_default.png',0,9),
	(430,'C3317','AMETRALLADORA EN TUBO',0,2,4.00,15.00,14.00,12.00,0.00,'/var/lib/tomcat7/webapps/Volcancito/assets/img/placeholder_default.png',0,7),
	(431,'PC000AR','PAQUETE DE COHETES ARAITA',0,16,10.00,14.00,13.00,12.50,0.00,'/srv/volcancito',0,7),
	(432,'C0161','GLOBO AEROESTATICO',0,2,25.00,45.00,35.00,32.00,0.00,'/srv/volcancito',0,34),
	(433,'TR000CH','TRONADOR CHINO',0,7,6.50,12.00,12.00,12.00,0.00,'/var/lib/tomcat7/webapps/Volcancito/assets/img/placeholder_default.png',0,15),
	(434,'C3301B','ESTALLOS 20/50/20',0,2,1.00,2.00,1.75,1.50,0.00,'/srv/volcancito',0,15),
	(435,'K2249','SHOW GRAN SILBIDO CELESTIAL 100 TIROS',0,2,100.00,350.00,250.00,225.00,0.00,'/srv/volcancito/bateriagransilbidocelestial100tiros.jpg',0,9),
	(436,'K2282','SHOW SILVER 16 TIROS ',0,2,38.33,65.00,55.00,50.00,0.00,'/var/lib/tomcat7/webapps/Volcancito/assets/img/placeholder_default.png',0,9),
	(437,'T6280','CANDELA DE 80 TIROS',0,6,18.80,31.50,27.00,23.50,0.00,'/srv/volcancito/candelade80.jpg',0,13),
	(438,'021-01','VOLCAN PEQ TIGRE ORIGINAL',0,11,14.80,16.00,16.00,15.50,0.00,'/srv/volcancito/voclanpequeotigrebrand.jpg',0,20),
	(439,'C2285','BATERIA CANDOMBE 100 TIROS',0,2,180.00,299.00,260.00,225.00,0.00,'/var/lib/tomcat7/webapps/Volcancito/assets/img/placeholder_default.png',0,9),
	(440,'K2298-1','SHOW GIRANDOLA MISTA',0,2,114.57,195.00,165.00,150.00,0.00,'/var/lib/tomcat7/webapps/Volcancito/assets/img/placeholder_default.png',0,9),
	(441,'M0003','CABECERA SEMI DE COLOR',0,16,400.00,675.00,575.00,500.00,0.00,'/var/lib/tomcat7/webapps/Volcancito/assets/img/placeholder_default.png',0,37),
	(442,'M0060','CABECERA IMPERIAL DE COLOR',0,16,375.00,625.00,550.00,475.00,0.00,'/var/lib/tomcat7/webapps/Volcancito/assets/img/placeholder_default.png',0,37),
	(443,'M0031','COLCHN IMPERIAL DE ESPONJA',0,16,215.00,350.00,300.00,262.50,0.00,'/var/lib/tomcat7/webapps/Volcancito/assets/img/placeholder_default.png',0,37),
	(444,'M0045','COLCHN IMPERIAL ENGUATADO',0,16,450.00,825.00,750.00,700.00,0.00,'/var/lib/tomcat7/webapps/Volcancito/assets/img/placeholder_default.png',0,37),
	(445,'M0010','CAMA IMPERIAL ENGUATADO DE RESORTE',0,16,575.00,1100.00,950.00,812.50,0.00,'/var/lib/tomcat7/webapps/Volcancito/assets/img/placeholder_default.png',0,37),
	(446,'M0007','CAMA IMPERIAL ECONMICA',0,16,176.67,350.00,300.00,225.00,0.00,'/var/lib/tomcat7/webapps/Volcancito/assets/img/placeholder_default.png',0,37),
	(447,'M0020','COLCHN MATRI DE ALGODN NORMAL',0,16,110.00,185.00,155.00,140.00,0.00,'/var/lib/tomcat7/webapps/Volcancito/assets/img/placeholder_default.png',0,37),
	(448,'M0079','ESTACIN PARA SALN DE BELLEZA',0,16,650.00,990.00,925.00,825.00,0.00,'/var/lib/tomcat7/webapps/Volcancito/assets/img/placeholder_default.png',0,37),
	(449,'M0055','SILLN PARA NIO DE CARICATURA PEQUEO',0,16,95.00,150.00,125.00,110.00,0.00,'/var/lib/tomcat7/webapps/Volcancito/assets/img/placeholder_default.png',0,37),
	(450,'M0006','CAMA SEMI ECONMICA',0,16,195.00,425.00,375.00,235.00,0.00,'/var/lib/tomcat7/webapps/Volcancito/assets/img/placeholder_default.png',0,37),
	(451,'M0004','MESITA DE NOCHE PARA CABECERA',0,16,350.00,590.00,500.00,437.50,0.00,'/var/lib/tomcat7/webapps/Volcancito/assets/img/placeholder_default.png',0,37),
	(452,'M0046','CAMA IMPERIAL DE MADERA',0,16,825.00,1375.00,1175.00,1000.00,0.00,'/var/lib/tomcat7/webapps/Volcancito/assets/img/placeholder_default.png',0,37),
	(453,'CMIPNE','CAMA IMPERIAL CAF ESPECIAL SIN COLCHN',0,16,350.00,625.00,550.00,500.00,0.00,'/var/lib/tomcat7/webapps/Volcancito/assets/img/placeholder_default.png',0,37),
	(454,'M0065','LITERA SEMI CAF MATE',0,16,2430.00,4050.00,3475.00,3050.00,0.00,'/var/lib/tomcat7/webapps/Volcancito/assets/img/placeholder_default.png',0,37),
	(455,'PV000LT','LIMPIOL PARA TRASTOS',0,16,3.00,5.00,4.00,4.00,0.00,'/var/lib/tomcat7/webapps/Volcancito/assets/img/placeholder_default.png',0,38),
	(456,'PV000JL','JABON LIQUIDO LAVA FINO',0,16,3.00,5.00,4.00,4.00,0.00,'/var/lib/tomcat7/webapps/Volcancito/assets/img/placeholder_default.png',0,38),
	(457,'PV000D','DESINFECTANTE',0,16,3.00,5.00,4.00,4.00,0.00,'/var/lib/tomcat7/webapps/Volcancito/assets/img/placeholder_default.png',0,38),
	(458,'PV000BM','BROCHITAS PARA MAQUILLAJE',0,16,1.00,3.00,3.00,3.00,0.00,'/var/lib/tomcat7/webapps/Volcancito/assets/img/placeholder_default.png',0,38),
	(459,'PV000L','LIMAS DE UAS',0,16,1.00,3.00,2.00,2.00,0.00,'/var/lib/tomcat7/webapps/Volcancito/assets/img/placeholder_default.png',0,38),
	(460,'BC000G','BOTE DE CARTON MULTI USOS GRANDE',0,9,10.00,25.00,25.00,25.00,0.00,'/var/lib/tomcat7/webapps/Volcancito/assets/img/placeholder_default.png',0,38),
	(461,'BC000P','BOTE DE CARTON MULTI USOS PEQ',0,9,10.00,20.00,20.00,20.00,0.00,'/var/lib/tomcat7/webapps/Volcancito/assets/img/placeholder_default.png',0,38),
	(463,'C0007B2.2','MECHA GREEN FUSE 2.2 MM',0,2,0.50,1.00,1.00,0.75,0.00,'/srv/volcancito',0,40),
	(464,'C0007E2.2','MECHA CON CRACKER',0,2,2.40,4.00,3.50,3.00,0.00,'/srv/volcancito',0,40),
	(465,'C0007E','MECHA SILVER FISH',0,2,0.72,1.25,1.00,1.00,0.00,'/srv/volcancito',0,40),
	(466,'C0008B','MECHA FAST FUSE 3 MM',0,2,1.75,3.00,2.50,2.25,0.00,'/srv/volcancito/mechafastfuse.jpg',0,40),
	(467,'GW17801','INDOR CASCADA DE 45 SEG. 5 METROS',0,3,350.00,800.00,700.00,600.00,0.00,'/var/lib/tomcat7/webapps/Volcancito/assets/img/placeholder_default.png',0,33),
	(468,'BTP000AB','BOMBA TRIANGULAR PEQ. EN BOLSITA',0,16,0.80,1.00,1.00,1.00,0.00,'/var/lib/tomcat7/webapps/Volcancito/assets/img/placeholder_default.png',0,25),
	(469,'C6620','CANDELA DE 20 TIROS',0,16,8.78,15.00,13.00,11.00,0.00,'/var/lib/tomcat7/webapps/Volcancito/assets/img/placeholder_default.png',0,13),
	(470,'6276','CANDELA CHINA DE 30 TIROS',0,16,15.21,25.00,21.00,18.75,0.00,'/srv/volcancito',0,13),
	(471,'C1180','ROCKET CAA BOMBA 80',0,2,35.00,58.50,50.00,44.00,0.00,'/var/lib/tomcat7/webapps/Volcancito/assets/img/placeholder_default.png',0,19),
	(472,'C1186','ROCKET CONDOR',0,16,24.00,40.00,34.50,30.00,0.00,'/var/lib/tomcat7/webapps/Volcancito/assets/img/placeholder_default.png',0,19),
	(473,'SR40','ROCKET SUPER 4',0,16,14.86,25.00,21.50,18.75,0.00,'/srv/volcancito',0,19),
	(474,'C1193','ROCKET CATARA DE ORO',0,2,60.40,100.00,86.00,75.00,0.00,'/srv/volcancito/rocketcataratadeoro.jpg',0,19),
	(475,'W111-8','SKY ROCKET DE 8 ONZAS',0,16,26.77,43.00,37.00,32.50,0.00,'/var/lib/tomcat7/webapps/Volcancito/assets/img/placeholder_default.png',0,19),
	(476,'CM000E','CAMA MATRIMONIAL ECONMICA',0,26,215.00,299.00,299.00,275.00,0.00,'/var/lib/tomcat7/webapps/Volcancito/assets/img/placeholder_default.png',0,37),
	(477,'CM000EN','COLCHN MATRIMONIAL ENGUATADO',0,26,650.00,928.00,928.00,812.50,0.00,'/var/lib/tomcat7/webapps/Volcancito/assets/img/placeholder_default.png',0,37),
	(478,'GWR6104','ROCKET 4 ONZ.',0,16,18.88,32.00,28.00,25.00,0.00,'/var/lib/tomcat7/webapps/Volcancito/assets/img/placeholder_default.png',0,19),
	(479,'GWR6106','ROCKET DE 6 ONZ.',0,16,19.94,33.00,30.00,27.00,0.00,'/var/lib/tomcat7/webapps/Volcancito/assets/img/placeholder_default.png',0,19),
	(480,'SR20','SUPER ROCKET 20 ONZ.',0,16,17.45,30.00,25.00,22.00,0.00,'/srv/volcancito',0,19),
	(481,'HP603','TAMBORCITO ROJO MORADO Y AMARILLO',0,16,1.33,2.50,2.00,1.75,0.00,'/srv/volcancito',0,10),
	(482,'W301','ALEGRIA GLOW OF SUN SETEN CAJA',0,16,0.00,10.00,10.00,10.00,0.00,'/srv/volcancito',0,31),
	(483,'0984','ALEGRIA NOCHE DE GLORIA N. 3 PALO CORTO',0,16,11.00,18.00,16.00,14.00,0.00,'/srv/volcancito/nochesdegloria.jpeg',0,31),
	(484,'A1019','ALEGRIA DORADA PEQ.',0,16,6.00,10.00,8.50,7.50,0.00,'/srv/volcancito',0,31),
	(485,'W522','VOLADOR AVION CHINO AZUL',0,16,15.38,25.00,22.00,20.00,0.00,'/srv/volcancito/avionchinoazul.jpg',0,14),
	(486,'W407','FUENTE BLOSSOMING FLOWER',0,16,27.00,45.00,38.00,34.00,0.00,'/srv/volcancito',0,10),
	(487,'SSN2507','COLOUR PEARL 48',0,16,7.00,12.50,11.25,9.50,0.00,'/srv/volcancito',0,10),
	(488,'V752','FUENTE CANASTA DE FLORES',0,16,17.50,29.00,25.00,22.00,0.00,'/srv/volcancito',0,10),
	(489,'M114','COLOUR PEARL 48',0,16,5.50,12.50,11.25,9.50,0.00,'/srv/volcancito',0,10),
	(490,'LV018','SHOW MUNDO MAGICO 35 T.',0,3,150.00,250.00,200.00,175.00,0.00,'/srv/volcancito',0,9),
	(491,'C2320','SHOW TANGO ROJO',0,2,300.00,450.00,425.00,375.00,0.00,'/srv/volcancito',0,9),
	(492,'C2305','SHOW EMPERADOR 40 T',0,2,325.00,550.00,500.00,425.00,0.00,'/srv/volcancito/bateriaemperador40tiros.jpg',0,9),
	(493,'F0A2977','SHOW COLISION COSMICA',0,16,83.21,150.00,125.00,110.00,0.00,'/srv/volcancito',0,9),
	(494,'C2312','SHOW CIELO ARGENTINO',0,2,560.00,950.00,800.00,700.00,0.00,'/srv/volcancito/bateriacieloargentino80tiros.jpg',0,9),
	(495,'CD1061','SHOW ARREGLO FLORAL 188 T',0,16,1178.79,1975.00,1685.00,1475.00,0.00,'/srv/volcancito',0,9),
	(496,'GWD336','SHOW FANTASTICA 36 T',0,16,1463.00,2450.00,2100.00,1825.00,0.00,'/srv/volcancito',0,9),
	(497,'C2335','SHOW BICENTENARIO',0,2,1640.00,2600.00,2225.00,1950.00,0.00,'/srv/volcancito',0,9),
	(498,'C2340','SHOW LIBERTADORES DE AMERICA',0,2,2150.00,2685.00,2685.00,2685.00,0.00,'/srv/volcancito',0,9),
	(499,'SF003','SHOW ARBOL DE FUEGO 49 T',0,16,285.25,475.00,407.00,356.00,0.00,'/srv/volcancito',0,9),
	(500,'K2299','SHOW GIRANDOLA 49 T',0,2,350.00,575.00,500.00,435.00,0.00,'/srv/volcancito',0,9),
	(501,'C2325','SHOW UXMAL',0,2,195.00,325.00,290.00,250.00,0.00,'/srv/volcancito',0,9),
	(502,'C2316','SHOW OSIRIS',0,2,850.00,1425.00,1225.00,1025.00,0.00,'/srv/volcancito',0,9),
	(503,'C2338','SHOW ATLANTIDA',0,2,585.00,975.00,850.00,750.00,0.00,'/srv/volcancito',0,9),
	(504,'C2311','SHOW PATAGONIA 80 T',0,2,400.00,650.00,575.00,500.00,0.00,'/srv/volcancito/c2311.jpeg',0,9),
	(505,'C2306','SHOW NAPOLEON 132 T',0,2,600.00,1000.00,875.00,750.00,0.00,'/srv/volcancito',0,9),
	(506,'K2293','SHOW ACAPULCO',0,2,1100.00,1700.00,1500.00,1250.00,0.00,'/srv/volcancito/bateriaacapulco140tiros.jpg',0,9),
	(507,'SFC2553','PERGEANT OF SUPER MAN',0,16,110.00,185.00,160.00,140.00,0.00,'/srv/volcancito',0,9),
	(508,'CD1216','SHOW LLUVIA DE PECES 25 T',0,16,30.00,50.00,42.50,37.50,0.00,'/srv/volcancito',0,9),
	(509,'CHP20103','SHOW MOSCU',0,4,70.00,125.00,99.00,99.00,0.00,'/srv/volcancito',0,9),
	(510,'B000AYR','BENGALA AZUL Y ROJA',0,16,0.00,0.00,0.00,0.00,0.00,'/srv/volcancito',0,30),
	(511,'BC305','BENGL DE 30 SEG.',0,16,0.00,0.00,0.00,0.00,0.00,'/srv/volcancito',0,30),
	(512,'K1489','HUMO DE COLORES',0,16,4.80,10.00,7.00,6.00,0.00,'/srv/volcancito',0,27),
	(513,'SNOV01','HUMO ARMY SMOKE',0,16,4.51,10.00,7.00,6.00,0.00,'/srv/volcancito',0,27),
	(514,'GS0861CT','PIPA DE HUMO',0,16,2.83,4.75,4.04,3.54,0.00,'/srv/volcancito',0,27),
	(515,'KM11386','HUMO GRANDE VULCAN',0,16,4.17,8.00,6.50,5.50,0.00,'/srv/volcancito',0,27),
	(516,'C5002R','BENGALA DE HUMO ROJO 20/1',0,2,10.00,17.00,15.00,12.50,0.00,'/srv/volcancito',0,27),
	(517,'SFT0603','BENGALA FOOTBALL TORCH DAKIA',0,16,8.67,15.00,14.00,12.00,0.00,'/srv/volcancito',0,30),
	(518,'MNR','MECHA NACIONAL RAPIDA',0,16,0.69,1.00,1.00,1.00,0.00,'/srv/volcancito',0,40),
	(519,'G1120','TROMPO TOP',0,16,0.52,3.50,3.00,2.50,0.00,'/srv/volcancito/trompoflashingtop.jpg',0,12),
	(520,'0901BC','TROMPO CON BOMBA',0,16,2.16,3.50,3.00,2.50,0.00,'/srv/volcancito',0,12),
	(521,'T3532','TROMPO JUMPING JACK',0,16,25.00,36.00,32.00,27.00,0.00,'/srv/volcancito',0,12),
	(522,'GW2009','TROMPO SPIN BALL CRACKLING',0,16,10.00,17.00,15.00,12.50,0.00,'/srv/volcancito',0,12),
	(523,'C7722','TROMPO CON CRACKER CIENFUEGOS 10/10/6',0,2,23.40,39.00,33.50,29.00,0.00,'/srv/volcancito',0,12),
	(524,'G0901D','TROMPO CON BANG',0,16,2.33,4.00,3.50,3.00,0.00,'/srv/volcancito',0,12),
	(525,'GW6218B','SPINNING TOWN',0,16,12.35,21.00,18.00,15.00,0.00,'/srv/volcancito',0,21),
	(526,'0435B12','MARIPOSA CHINA AZUL PEQ.',0,16,5.80,10.00,8.50,7.50,0.00,'/srv/volcancito',0,14),
	(527,'VK5030','VOLADOR SUPER BLITZ',0,16,12.00,20.00,18.00,15.00,0.00,'/srv/volcancito/superblitz.jpeg',0,14),
	(528,'VK0015A','VOLADOR CYRKO BLITZ',0,16,9.50,16.00,14.00,12.00,0.00,'/srv/volcancito',0,14),
	(529,'W504','VOLADOR SUN FLOWER',0,16,14.53,20.00,19.00,18.00,0.00,'/srv/volcancito',0,14),
	(534,'C0009','ESTRELLA PEQ. CIENFUEGOS',0,2,0.64,1.00,1.00,1.00,0.75,'/srv/volcancito',0,29),
	(535,'C0024','ESTRELLON DORADO',0,2,3.00,5.00,3.50,3.00,0.00,'/srv/volcancito',0,29),
	(536,'1025','PILICRACKER PLASTICO',0,16,4.90,10.00,7.00,6.50,0.00,'/srv/volcancito',0,32),
	(537,'0205A','PILICRACKER BOLITAS RUIDOSAS',0,16,17.96,30.00,25.00,22.50,0.00,'/srv/volcancito',0,32),
	(538,'LVN0001','MAYAN CRACKER',0,12,14.00,24.00,20.00,17.50,0.00,'/srv/volcancito',0,32),
	(539,'SGW901KL','GROUND BLOOM FLOWER CRACKLING JUMBO',0,16,7.50,12.00,10.00,9.50,0.00,'/srv/volcancito',0,32),
	(540,'GW675P','CRACKER SILVER GLITTERING',0,16,25.00,42.00,35.00,31.50,0.00,'/srv/volcancito',0,32),
	(541,'GG5050','DESTELLOS CEGADORES',0,16,14.50,22.00,18.00,16.50,0.00,'/srv/volcancito',0,16),
	(542,'GW015A/C','FLASH LAIGHTING',0,16,0.00,6.50,5.50,5.00,0.00,'/srv/volcancito',0,16),
	(543,'HR037','FLASH WHIRL GLITTERING',0,16,2.60,5.00,4.50,3.50,0.00,'/srv/volcancito',0,16),
	(544,'VK2007A','CRACKLING FLASH',0,16,3.50,5.50,4.50,4.00,0.00,'/srv/volcancito',0,16),
	(545,'C4415','DISPLAY SHELL',0,2,46.67,90.00,88.00,85.00,0.00,'/srv/volcancito',0,23),
	(546,'GWD0008-12','FESTIBALL BALLS',0,16,38.00,65.00,55.00,50.00,0.00,'/srv/volcancito',0,23),
	(547,'LV10019','BOLA PELUSA',0,27,4.51,8.50,7.50,6.50,0.00,'/srv/volcancito',0,39),
	(548,'LV10025','LLAVERO ROMPE CARITAS',0,27,3.30,6.50,5.50,5.00,0.00,'/srv/volcancito',0,39),
	(549,'LV10028','PALETA FELIZ',0,27,2.75,6.00,4.50,4.00,0.00,'/srv/volcancito',0,39),
	(550,'LV10001','JUGUETE FORMULA 1',0,27,3.85,7.00,6.50,5.50,0.00,'/srv/volcancito',0,39),
	(551,'LV10018','PISTOLITA DE AGUA PEQ',0,27,3.52,6.50,6.00,5.50,0.00,'/srv/volcancito',0,39),
	(552,'LV10029','CRACKERS',0,27,2.20,4.50,3.50,3.50,0.00,'/srv/volcancito',0,39),
	(553,'LV10020','LLAVERO MANITAS',0,27,3.63,7.50,6.00,5.50,0.00,'/srv/volcancito',0,39),
	(554,'LV10014','FORMULA 1 CON BOLICHE',0,27,3.19,7.00,5.50,4.50,0.00,'/srv/volcancito',0,39),
	(555,'LV10013','CORNETA HORN',0,27,3.52,6.00,6.00,5.50,0.00,'/srv/volcancito',0,39),
	(556,'LV10027','YOYO HAPPY FACE',0,27,2.31,4.50,4.00,3.50,0.00,'/srv/volcancito',0,39),
	(557,'LV10036','TIARA GRANDE PRINCESA',0,27,5.07,9.00,8.50,7.50,0.00,'/srv/volcancito',0,39),
	(558,'LV10016','PITO FIESTA',0,27,2.20,4.00,3.50,3.50,0.00,'/srv/volcancito',0,39),
	(559,'LV10024','TOP',0,27,4.51,8.50,7.50,6.50,0.00,'/srv/volcancito',0,39),
	(560,'LV10002','SET CAMBIA CARITAS',0,27,2.86,5.50,5.00,4.00,0.00,'/srv/volcancito',0,39),
	(561,'LV10023','MICROFONO',0,27,3.52,7.00,6.00,5.50,0.00,'/srv/volcancito',0,39),
	(562,'LV10005','JUGUETE LABERINTO',0,27,3.63,7.00,6.00,5.50,0.00,'/srv/volcancito',0,39),
	(563,'LV10031','TROMPO PIRUETA',0,27,2.31,4.50,4.00,3.50,0.00,'/srv/volcancito',0,39),
	(564,'LV10015','CAMARA',0,27,5.07,9.50,8.50,7.50,0.00,'/srv/volcancito',0,39),
	(565,'LV10011','JUGUETE SILBA LUZ',0,27,4.29,8.00,7.50,6.50,0.00,'/srv/volcancito',0,39),
	(566,'LV10030','BOCA LOCA',0,27,2.53,4.50,4.50,3.50,0.00,'/srv/volcancito',0,39),
	(567,'LV10039','SPORTS SET',0,27,12.66,24.00,21.00,18.00,0.00,'/srv/volcancito',0,39),
	(568,'LV10040','SET NAVIDEO',0,27,13.65,24.00,23.00,19.50,0.00,'/srv/volcancito',0,39),
	(569,'LV10035','CORONITA PEQUEA',0,27,4.74,8.50,8.00,7.00,0.00,'/srv/volcancito',0,39),
	(570,'LV10009','CHILINDRINA',0,27,7.82,13.50,13.00,11.00,0.00,'/srv/volcancito',0,39),
	(571,'LV10012','SILLAS',0,27,15.53,29.00,26.00,22.50,0.00,'/srv/volcancito',0,39),
	(572,'C1130','CAITA SILBADORA CON COLA PLATA 20/12/12',0,2,24.00,40.00,34.50,30.00,0.00,'/srv/volcancito',0,19),
	(573,'C8834','VOLCAN PLATEDO 1000 GRAMOS',0,2,85.00,150.00,125.00,110.00,0.00,'/srv/volcancito',0,20),
	(574,'FP-10','ESTUFA',0,16,15.00,5.00,5.00,5.00,0.00,'/srv/volcancito',0,33),
	(575,'K5550','ATOMICA DE 50',0,2,35.96,66.00,57.00,50.00,0.00,'/srv/volcancito',0,11),
	(576,'T2512','MISIL DE 12 T.',0,16,2.00,3.50,3.00,2.50,0.00,'/srv/volcancito',0,11),
	(577,'C5516','MISIL DE 16 T.',0,16,2.50,4.50,3.50,3.25,0.00,'/srv/volcancito',0,11),
	(578,'0449-16C','JUPITER/MISIL 16 TIROS CON CRACKER',0,16,2.50,4.50,3.50,3.25,0.00,'/srv/volcancito',0,11),
	(579,'K1130C8','SATURN MISSILE BATERY 36',0,16,6.56,9.00,8.00,7.00,0.00,'/srv/volcancito',0,11),
	(580,'GW709','SIN VERGUENZA',0,16,42.00,70.00,60.00,52.50,0.00,'/srv/volcancito',0,18),
	(581,'C4448','MORTERO X2',0,2,4.85,10.00,9.00,7.50,0.00,'/srv/volcancito',0,17),
	(582,'W026A','SILBA BOOM',0,16,10.00,20.00,17.00,15.00,0.00,'/srv/volcancito',0,17),
	(583,'MO0005','MORTERO NUMERO 5',0,16,0.40,0.75,0.75,0.75,0.00,'/srv/volcancito/morteronumero5.jpg',0,17),
	(584,'CK','COMBO KIDS',0,16,75.00,125.00,99.00,85.00,0.00,'/srv/volcancito',0,26),
	(585,'BC0006','BOMBA CARNAVAL DE 6 PULGS',0,16,130.00,220.00,186.00,163.00,0.00,'/srv/volcancito/bombacarnavalde6pulgadas.jpg',0,25),
	(586,'BC0008','BOMBA CARNAVAL DE 8 PULGS',0,16,350.00,583.00,500.00,437.50,0.00,'/srv/volcancito/bombacarnavalde8pulgadas.jpg',0,25),
	(587,'BC0002.5','BOMBA CARNAVAL DE 2.5 PULGS',0,16,14.25,25.00,20.50,18.00,0.00,'/srv/volcancito/bombacarnavalde2.5.jpg',0,25),
	(588,'BC0004','BOMBA CARNAVAL DE 4 PULGS',0,16,35.56,65.00,55.00,49.00,0.00,'/srv/volcancito',0,25),
	(589,'BC0002','BOMBA CARNAVAL DE 2 PULGS',0,16,5.00,10.00,9.00,7.50,0.00,'/srv/volcancito',0,25),
	(590,'BC0007','BOMBA CARNAVAL DE 7 PULG',0,16,222.25,370.00,318.00,277.50,0.00,'/srv/volcancito',0,25),
	(591,'BC0003','BOMBA CARNAVAL DE 3 PULGS',0,16,25.00,42.00,36.00,32.00,0.00,'/srv/volcancito/bombacarnavalde3pulgadas.jpg',0,25),
	(592,'BC0005','BOMBA CARNAVAL DE 5 PULGS',0,16,86.67,145.00,125.00,99.00,0.00,'/srv/volcancito/bombacarnavalde5pulgadas.jpg',0,25),
	(593,'V609','CANDELA TITANIC',0,10,27.00,45.00,45.00,45.00,0.00,'/srv/volcancito',0,13),
	(594,'BNC0003','BOMBA DE COLOR NACIONAL 3 PULG.',0,16,8.33,12.00,10.00,9.25,0.00,'/srv/volcancito/bombanacionalde3pulgadas.jpg',0,25),
	(595,'BNC0004','BOMBA NACIONAL DE COLOR 4 PULGADAS',0,16,8.33,12.00,12.00,12.00,0.00,'/srv/volcancito',0,25),
	(596,'B4408','BOMBETA TEMPESTAD',0,2,11.66,20.00,17.00,15.00,0.00,'/srv/volcancito',0,24),
	(597,'LV10037','RACKET BALL',0,27,23.57,44.00,39.50,34.00,0.00,'/srv/volcancito',0,39),
	(598,'LV10026','MEDALLAS DE ORO',0,27,3.19,6.00,5.50,4.50,0.00,'/srv/volcancito',0,39),
	(599,'LV10022','ANILLO CARITA FELIZ',0,27,2.75,5.00,4.50,4.50,0.00,'/srv/volcancito',0,39),
	(600,'LV10017','ANILLO CON BRUJULA',0,27,2.75,5.00,4.50,4.50,0.00,'/srv/volcancito',0,39),
	(601,'LV10033','PULSERITA ARCO IRIS',0,27,2.31,6.00,4.00,3.50,0.00,'/srv/volcancito',0,39),
	(602,'LV10006','FIGURAS ARCO IRIS',0,27,6.06,11.00,10.50,8.50,0.00,'/srv/volcancito',0,39),
	(603,'LV10021','PISTOLITA DE AGUA NEON GRANDE',0,27,3.96,7.50,6.50,5.50,0.00,'/srv/volcancito',0,39),
	(604,'LV10041','BURBUJITAS',0,27,2.42,4.50,4.00,3.50,0.00,'/srv/volcancito',0,39),
	(605,'LV10004','RANITAS',0,27,2.97,5.50,5.00,4.50,0.00,'/srv/volcancito',0,39),
	(606,'LV10010','',0,27,0.00,0.00,0.00,0.00,0.00,'/srv/volcancito',0,39),
	(607,'LV10010','SET MUSICAL',0,27,3.63,7.00,6.50,5.50,0.00,'/srv/volcancito',0,39),
	(608,'LV10003','SILBATO DE LUJO',0,27,4.51,8.00,7.50,6.50,0.00,'/srv/volcancito',0,39),
	(609,'JZ-78','CONFETTI 78 CM',0,16,23.50,40.00,35.00,30.00,0.00,'/srv/volcancito',0,22),
	(610,'CC-50','CONFETTI CELEBRATION CANON',0,11,21.00,35.00,30.00,27.00,0.00,'/srv/volcancito',0,23),
	(611,'JZ-60','CONFETTI DE 60 CM',0,16,13.50,35.00,30.00,25.00,0.00,'/srv/volcancito',0,22),
	(612,'K1130C120','SATURN MISILLES BATERY 120',0,16,20.00,28.50,24.50,21.50,0.00,'/srv/volcancito/misil120tiros.jpg',0,11),
	(613,'0449-36','JUPITER/SATUR MISIL 36',0,16,6.56,9.00,8.00,7.00,0.00,'/srv/volcancito',0,11),
	(614,'T2685','BASE MISIL DE 100',0,7,16.00,26.50,22.00,20.00,0.00,'/srv/volcancito',0,11),
	(615,'GWT2512','MISIL DE 12  CON CRACKLING',0,16,2.50,3.50,3.00,2.50,0.00,'/srv/volcancito',0,11),
	(616,'0449-12','MISIL DE 12',0,16,2.00,3.50,3.00,2.50,0.00,'/srv/volcancito',0,11),
	(617,'C5525','BASE MISIL DE 25',0,2,3.83,6.75,5.50,4.50,0.00,'/srv/volcancito',0,11),
	(618,'SFC0901C','TROMPO CON CRACKLING',0,9,1.83,4.00,3.00,2.90,0.00,'/srv/volcancito',0,12),
	(619,'CP199R/LH0901K','TROMPO GROUND BLOOM FLOWER TNT',0,9,2.50,4.50,3.50,3.00,0.00,'/srv/volcancito',0,12),
	(620,'GW0015','TROMPO PELAGIC FISH',0,3,9.00,15.00,13.00,12.00,0.00,'/srv/volcancito',0,12),
	(621,'A005','TROPIC CIRCOBLITS PEDRO G.',0,16,12.00,24.00,20.00,17.50,0.00,'/srv/volcancito',0,14),
	(622,'GWC9034','BATERIA  NEWTRON BOMB 9 TIROS',0,7,12.00,20.00,18.00,17.50,0.00,'/srv/volcancito/gwc9034.jpeg',0,9),
	(623,'LV003','BATERIA CARNAVALITO 9 TIROS',0,3,17.97,35.00,25.00,22.00,0.00,'/srv/volcancito',0,9),
	(624,'LV002','BATERIA BOOM BOOM 9 TIROS',0,3,17.00,35.00,25.00,22.00,0.00,'/srv/volcancito',0,9),
	(625,'SF018','BATERIA FLORES AZULES ROJAS Y VERDES 9 TIROS',0,6,17.00,35.00,25.00,22.00,0.00,'/srv/volcancito',0,9),
	(626,'CHP20102','BATERIA LONDRES 9 TIROS',0,4,17.00,35.00,25.00,22.00,0.00,'/srv/volcancito/BATERIALONDRES 9 TIROS.jpg',0,10),
	(627,'SFC2552','BATERIA LORD OF THE RING 25 TIROS',0,9,110.00,185.00,160.00,140.00,0.00,'/srv/volcancito',0,9),
	(628,'LV048','BATERIA EMERALD 49 TIROS',0,3,250.00,400.00,375.00,325.00,0.00,'/srv/volcancito',0,9),
	(629,'C2288','BATERIA PIRAMIDE DE ORO 25 TIROS',0,2,154.16,275.00,225.00,200.00,0.00,'/srv/volcancito/bateriapiramidedeoro25tiros.jpg',0,9),
	(630,'K2245','BATERIA MEFISTO DE PLATA 25 TIROS',0,2,46.33,77.50,67.00,59.00,0.00,'/srv/volcancito',0,9),
	(631,'LV047','BATERIA FIFA 25 TIROS ',0,3,57.42,96.50,81.50,71.50,0.00,'/srv/volcancito',0,9),
	(632,'W526M','MARIPOSA SPRING BUTERFLY',0,16,17.35,28.00,24.00,22.00,0.00,'/srv/volcancito',0,14),
	(633,'HW201','GATO TIAN',0,16,8.00,14.00,12.00,10.00,0.00,'/srv/volcancito',0,14),
	(634,'GW524','SPACE FLYER',0,16,11.50,20.00,17.00,15.00,0.00,'/srv/volcancito',0,14),
	(635,'W538','ETHEREAL SHIP',0,9,33.00,47.00,40.50,35.50,0.00,'/srv/volcancito/voladoretherealship.jpg',0,14),
	(636,'C7723','OVNI',0,2,13.00,22.00,20.00,16.50,0.00,'/srv/volcancito',0,14),
	(637,'GW0017','UFO',0,7,8.00,14.00,12.00,10.00,0.00,'/srv/volcancito',0,14),
	(638,'K0203-7','MATCH CRACKER',0,9,1.50,4.00,3.00,2.00,0.00,'/srv/volcancito',0,8),
	(639,'V607','CRAZY ROBOTS GRANDE',0,7,19.00,30.00,26.00,22.50,0.00,'/srv/volcancito',0,17),
	(640,'BF409','FLASH CON PILICRACKER ',0,7,15.00,25.00,22.00,18.00,0.00,'/srv/volcancito',0,16),
	(641,'W4-57','TAMBORCITO FLASH',0,7,22.50,35.00,32.00,28.00,0.00,'/srv/volcancito',0,16),
	(642,'VK2007A','CRACKLING FLASH',0,3,4.25,6.00,5.00,5.00,0.00,'/srv/volcancito/cracklinflash.jpg',0,16),
	(643,'SFN4406','CAMELIA FLOWER',0,16,0.00,16.00,15.00,12.50,0.00,'/srv/volcancito',0,10),
	(644,'0204A','COHETILLO MAGIC WHIP GRANDE',0,16,12.00,17.50,15.00,13.50,0.00,'/srv/volcancito',0,7),
	(645,'BM16059','GALLINA CON GLOBO',0,7,29.00,48.00,42.00,37.00,0.00,'/srv/volcancito',0,18),
	(646,'0534','FUENTE BUTTERFLY',0,10,18.00,30.00,26.00,22.50,0.00,'/srv/volcancito',0,10),
	(647,'GF9020','FUENTE BRILLANTE',0,16,4.62,6.75,6.00,5.00,0.00,'/srv/volcancito',0,10),
	(648,'AI','ALEGRIA INFANTIL',0,16,12.00,25.00,22.00,18.00,0.00,'/srv/volcancito',0,31),
	(649,'SAM','SUPER ALEGRIA MERCENARIO',0,16,14.00,24.00,20.00,18.00,0.00,'/srv/volcancito',0,31),
	(650,'0981','ALEGRIA ROSADA CHINA ',0,16,48.00,80.00,70.00,60.00,0.00,'/srv/volcancito',0,31),
	(651,'C1182','VERDE ESMERALDA',0,27,43.33,72.00,62.00,54.00,0.00,'/srv/volcancito/rocketverdeesmeralda.jpg',0,19),
	(652,'SS-3010-8','ROCKET OLIMPIA 8 ONZ',0,16,24.00,72.00,72.00,72.00,0.00,'/srv/volcancito',0,19),
	(653,'GW0947','GIRASOL COLOR FULL WHELL',0,5,2.50,6.00,5.00,3.50,0.00,'/srv/volcancito',0,21),
	(654,'LV012','BATERIA JARDIN EXOTICO 25 TIROS',0,3,115.00,250.00,200.00,160.00,0.00,'/srv/volcancito',0,9),
	(656,'CD1218','BATERIA GOLONDRINAS EN ROJO Y MORADO',0,6,29.50,50.00,42.50,37.50,0.00,'/srv/volcancito',0,9),
	(657,'C2351','BATERIA TORBELLINO  70 TIROS',0,2,136.50,225.00,200.00,175.00,0.00,'/srv/volcancito/c2351.jpeg',0,9),
	(658,'C5002A','BENGALA DE HUMO AZUL 20/1',0,2,10.00,17.00,15.00,12.50,0.00,'/srv/volcancito',0,27),
	(659,'C5002B','BENGALA DE HUMO BLANCO 20/1',0,2,10.00,17.00,15.00,12.50,0.00,'/srv/volcancito',0,27),
	(660,'LSM061 ','SCREENING SMOKE',0,11,14.91,24.00,22.00,20.00,0.00,'/srv/volcancito',0,27),
	(662,'GE608','TROMPO COLOR FULL SUPER CANSING',0,16,2.58,4.00,3.50,3.00,0.00,'/srv/volcancito',0,12),
	(663,'FD608','COLOR FULL GROUND SPINNING PEONY',0,16,2.58,4.00,3.50,3.00,0.00,'/srv/volcancito',0,12),
	(664,'C3301A','ESTALLOS',0,16,5.50,12.00,11.00,10.00,0.00,'/srv/volcancito',0,15),
	(665,'HP607','FUENTE MARCIANO FELIZ',0,16,16.00,27.00,23.00,20.00,0.00,'/srv/volcancito',0,10),
	(666,'HP606','FUENTE  MULTICOLOR',0,16,10.00,17.00,14.50,12.50,0.00,'/srv/volcancito/fuentemulticolor.jpg',0,10),
	(667,'H-167','FUENTE COBRA',0,16,9.00,15.00,13.00,11.25,0.00,'/srv/volcancito',0,10),
	(668,'C2304','BATERIA DELIRIO 45 TIROS',0,2,146.33,250.00,225.00,200.00,0.00,'/srv/volcancito/bateriadelirio45tiros.jpg',0,9),
	(669,'LV020','BATERIA SUEO DORADO 30 TIROS',0,3,138.00,250.00,225.00,200.00,0.00,'/srv/volcancito/bateriasueodorado30tiros.jpg',0,9),
	(670,'C2337','BATERIA JULIO VERNE',0,2,510.00,850.00,725.00,650.00,0.00,'/srv/volcancito',0,9),
	(671,'LV017','BATERIA MUNDO FELIZ 35 TIROS',0,3,150.00,250.00,200.00,175.00,0.00,'/srv/volcancito',0,9),
	(672,'SF2512','OF APOLO PICOS 25 TIROS',0,16,130.00,225.00,195.00,175.00,0.00,'/srv/volcancito',0,9),
	(673,'LV015','BATERIA TEMPESTAD DE COLORES 35 TIROS',0,3,115.00,210.00,175.00,160.00,0.00,'/srv/volcancito',0,9),
	(674,'CD1413','BATERIA PEONIAS AZULES A GLITERING',0,6,57.42,96.50,81.50,71.50,0.00,'/srv/volcancito',0,9),
	(675,'CD1426','LLUVIA MAGICA 25 TIROS',0,6,57.42,96.50,81.50,71.50,0.00,'/srv/volcancito',0,9),
	(676,'CD1423','SAUCES DORADAS 25 TIROS',0,6,57.42,96.50,81.50,71.50,0.00,'/srv/volcancito',0,9),
	(677,'C2275','BATERIA MOSCU 80 TIROS',0,2,240.00,395.00,340.00,299.00,0.00,'/srv/volcancito/c2275.jpeg',0,9),
	(678,'SF025','BATERIA BOLT 9 TIROS',0,16,18.50,30.00,24.00,22.00,0.00,'/srv/volcancito',0,9),
	(679,'0449-20','MISIL DE 20 TIROS',0,16,3.05,4.00,3.75,3.50,0.00,'/srv/volcancito',0,11),
	(680,'T2582/K1130C49','JUPITER SATURN MISIL DE 49',0,16,6.80,11.75,10.00,8.75,0.00,'/srv/volcancito',0,11),
	(681,'JZ-50','CONFETY 50 CM',0,16,15.50,30.00,25.00,20.00,0.00,'/srv/volcancito',0,22),
	(682,'SPW01','GIRATORIO SHOGUN TWICE ROTATION WHEEL',0,16,22.91,39.00,33.00,29.00,0.00,'/srv/volcancito',0,21),
	(683,'RF005','HUMO DE CARTUCHO',0,16,5.40,9.00,8.00,7.50,0.00,'/srv/volcancito',0,27),
	(685,'C5002M','BENGALA DE HUMO AMARILLO 20/1',0,2,10.00,17.00,15.00,12.50,0.00,'/srv/volcancito',0,27),
	(686,'TP0001','TORO PIROTECNICO',0,8,350.00,550.00,550.00,550.00,0.00,'/srv/volcancito',0,38),
	(687,'TP0002','TORO PIROTECNICO ',0,8,0.00,650.00,650.00,650.00,0.00,'/srv/volcancito',0,38),
	(688,'C8832','VOLCAN DORADO CON CRACKER PLATA',0,2,22.50,37.50,32.00,28.00,0.00,'/srv/volcancito',0,20),
	(689,'CD2274D','CANDELA EXPLOSIVA 15 TIROS',0,16,4.50,8.00,7.00,6.00,0.00,'/srv/volcancito',0,13),
	(690,'HW306','TROMPO SHOGUN SPACE DEVIL',0,16,24.49,40.00,35.00,30.00,0.00,'/srv/volcancito',0,12),
	(691,'0439','ABEJITA AMARILLA',0,16,1.80,4.00,3.50,3.00,0.00,'/srv/volcancito',0,14),
	(692,'SF020','BATERIA CAPITAN AMERICA 9 TIROS',0,16,18.50,30.00,24.00,22.00,0.00,'/srv/volcancito',0,9),
	(693,'R20M000A','ROLLO DE 20 METROS TIPO A',0,16,48.00,75.00,70.00,70.00,0.00,'/srv/volcancito/rollo20metros.jpg',0,7),
	(694,'R20M000B','ROLLO 20 METROS TIPO B',0,16,60.00,0.00,0.00,0.00,0.00,'/srv/volcancito',0,7),
	(695,'R20M000O','ROLLO DE 20 METROS TIPO OVALADO',0,28,96.00,0.00,0.00,0.00,0.00,'/srv/volcancito',0,7),
	(696,'R25M000B','ROLLO DE 25 METROS TIPO B',0,16,75.00,0.00,0.00,0.00,0.00,'/srv/volcancito',0,7),
	(697,'R25M000O','ROLLO DE 25 METROS TIPO O',0,28,112.50,0.00,0.00,0.00,0.00,'/srv/volcancito',0,7),
	(698,'R15M000B','ROLLO DE 15 METROS TIPO B',0,16,42.00,52.50,52.50,52.50,0.00,'/srv/volcancito',0,7),
	(699,'R25M000A','ROLLO DE 25 METROS TIPO A',0,16,75.00,87.50,87.50,87.50,0.00,'/srv/volcancito',0,7),
	(700,'LV025','SHOW LUCES ENCANTADAS 49 TIROS',0,3,264.50,0.00,0.00,0.00,0.00,'/srv/volcancito',0,9),
	(701,'CD1416','BATERIA SERPIENTE DE CRISANTEMOS 25 TIROS',0,6,57.75,0.00,0.00,0.00,0.00,'/srv/volcancito',0,9),
	(702,'CD1407','BATERIA THUNDER RING 25 TIROS',0,6,57.75,0.00,0.00,0.00,0.00,'/srv/volcancito',0,9),
	(703,'CD1421','BATERIA SERPIENTES Y PEONIAS 25 TIROS',0,6,57.75,0.00,0.00,0.00,0.00,'/srv/volcancito',0,9),
	(704,'CD1408','BATERIA BERSEK BUSH DE 25 TIROS',0,6,57.75,0.00,0.00,0.00,0.00,'/srv/volcancito',0,9),
	(705,'K2298','GIRANDOLA DE 156 TIROS ERA',0,2,140.00,0.00,0.00,0.00,0.00,'/srv/volcancito',0,9),
	(706,'A1010','BATERIA DE 48 TIROS',0,11,280.00,0.00,0.00,0.00,0.00,'/srv/volcancito',0,9),
	(707,'A062/QK106','BATERIA 49 TIROS',0,11,260.00,0.00,0.00,0.00,0.00,'/srv/volcancito',0,9),
	(708,'A1004','BATERIA 60 TIROS',0,11,165.00,0.00,0.00,0.00,0.00,'/srv/volcancito/a1004.jpeg',0,9),
	(709,'A903/QK106','BATERIA 81 TIROS',0,11,275.00,0.00,0.00,0.00,0.00,'/srv/volcancito',0,9),
	(710,'LBM-2','BATERIA NEW YORK CITY 19 TIROS',0,11,176.25,0.00,0.00,0.00,0.00,'/srv/volcancito',0,9),
	(711,'A058/QK105','BATERIA ABELA AZUL 36 TIROS',0,16,156.25,0.00,0.00,0.00,0.00,'/srv/volcancito',0,9),
	(712,'GW7505','DIAMANTE',0,16,12.00,0.00,0.00,0.00,0.00,'/srv/volcancito',0,14),
	(713,'V781','FLYING DIAMOND',0,16,8.00,0.00,0.00,0.00,0.00,'/srv/volcancito',0,14),
	(714,'C1157','ROCKET CAA COLA DE TITANIO VOYAGER',0,2,55.00,0.00,0.00,0.00,0.00,'/srv/volcancito',0,19),
	(715,'GW17557','VOLCAN ENDERBOIDER',0,2,150.00,0.00,0.00,0.00,0.00,'/srv/volcancito',0,36),
	(716,'A1144','MORTERO DOBLE IMPACTO PEQUEO',0,7,7.50,0.00,0.00,0.00,0.00,'/srv/volcancito',0,17),
	(717,'F0A2961','ARTILLERIA  BANGER TRIPLE',0,2,85.00,0.00,0.00,0.00,0.00,'/srv/volcancito',0,23),
	(718,'GR0123F','FLASH Y DOS BANG GOLD PEARL',0,16,2.50,0.00,0.00,0.00,0.00,'/srv/volcancito',0,16),
	(720,'0782','ESTRELLA GIGANTE',0,16,7.00,10.00,10.00,10.00,0.00,'/srv/volcancito',0,29),
	(721,'C2322','BATERIA 4 ELEMENTOS 19 TIROS',0,16,93.50,125.00,99.00,99.00,0.00,'/srv/volcancito',0,9),
	(722,'C2289','BATERIA RINCON DEL SAUCE 20 TIROS',0,2,100.00,335.00,285.00,250.00,0.00,'/srv/volcancito',0,9),
	(724,'BNC000V','BOMBA NACIONAL COHETE DE VARA',0,16,4.58,20.00,18.00,15.00,0.00,'/srv/volcancito',0,25),
	(725,'FD1120','TROMPO CRAWLIES',0,16,0.00,7.00,6.50,5.50,0.00,'/srv/volcancito',0,12),
	(727,'SGW210','PILICRACKER BOLITAS GUARDIANAS',0,16,0.00,6.00,5.50,5.00,0.00,'/srv/volcancito',0,32),
	(728,'VG-A026','DOBLE THUNDER',0,16,7.50,10.00,10.00,9.50,0.00,'/srv/volcancito',0,17),
	(729,'SFA303','PILICRACKER BIG FOOT BALL GRANDE',0,16,0.00,3.00,2.50,2.00,0.00,'/srv/volcancito',0,32),
	(731,'A015','MISIL COBRA',0,16,0.00,50.00,42.00,37.50,0.00,'/srv/volcancito',0,11),
	(732,'F0A2015','SHOW GRANDE QUIET RIOT',0,16,0.00,175.00,150.00,135.00,0.00,'/srv/volcancito',0,9),
	(733,'C2331','SHOW MINI DILUVIO DE COLORES DE 9 TIROS',0,16,0.00,70.00,60.00,52.50,0.00,'/srv/volcancito',0,9),
	(734,'K2242','SHOW PLUTARCO DE 9 TIROS',0,2,15.00,30.00,24.00,22.00,0.00,'/srv/volcancito/bateriaplutarco9tiros.jpg',0,9),
	(735,'K2243','MINI SHOW PEGASUS',0,2,20.00,35.00,28.50,25.00,0.00,'/srv/volcancito/bateriapegasus12tiros.jpg',0,9),
	(736,'C2323','SHOW MEDIANO TSUNAMI',0,2,234.00,390.00,335.00,290.00,0.00,'/srv/volcancito/c2323.jpeg',0,9),
	(737,'C2212','SHOW PIWI PORKY DE 19 TIROS',0,2,0.00,18.00,16.00,13.50,0.00,'/srv/volcancito',0,9),
	(738,'LV023','',0,30,0.00,0.00,0.00,0.00,0.00,'/srv/volcancito',0,39),
	(739,'LV023','SHOW GRANDE LUCES FANTASTICAS 72 TIROS',0,3,0.00,490.00,425.00,375.00,0.00,'/srv/volcancito',0,9),
	(740,'BC236','SHOW DE 2 PULGADAS DE 36 TIROS',0,16,0.00,925.00,790.00,690.00,0.00,'/srv/volcancito',0,9),
	(741,'SFC100-H01','SHOW GRANDE CUADRADA SILVER BROCADE DE 100 TIROS',0,16,0.00,750.00,645.00,562.50,0.00,'/srv/volcancito',0,9),
	(742,'C0010','MECHA TIME FUSE O MECHA DE TIEMPO 2/1/200',0,2,1000.00,1665.00,1425.00,1250.00,0.00,'/srv/volcancito/mechadetiempo.jpg',0,40),
	(744,'SFC24A','SHOW MEDIANO DE 2.5 PULGADAS DE 24 TIROS',0,16,0.00,960.00,825.00,720.00,0.00,'/srv/volcancito',0,9),
	(745,'BP2029','SHOW MEDIANO BURNING WIND DE 25 TIROS',0,16,0.00,255.00,225.00,195.00,0.00,'/srv/volcancito/bp2029.jpeg',0,9),
	(746,'A4282','BOMBETA BOMBA DE 3 COLORES DIVERSOS',0,2,0.00,120.00,100.00,90.00,0.00,'/srv/volcancito',0,24),
	(747,'B4407','BOMBETA TORVELINHO',0,2,11.66,20.00,17.00,15.00,0.00,'/srv/volcancito',0,24),
	(748,'C5012','INICIADORES',0,2,4.12,7.00,6.00,5.50,0.00,'/srv/volcancito',0,33),
	(749,'CHP20112','BATERIA AMSTERDAM DE 25 TIROS',0,4,122.00,225.00,175.00,152.50,0.00,'/srv/volcancito/bateriasamsterdam25tiros.jpg',0,9),
	(750,'CHP20114','BATERIA RIO DE JANEIRO 25 TIROS',0,4,0.00,250.00,200.00,160.00,0.00,'/srv/volcancito/bateriariodejaneiro25tiros.jpg',0,9),
	(751,'K2240','BATERIA GUERRA DE COMETAS 25 TIROS',0,2,0.00,250.00,220.00,195.00,0.00,'/srv/volcancito/bateriaguerradecometas25tiros.jpg',0,9),
	(752,'LV022','SHOW ESTRELLA FUGAZ',0,3,0.00,300.00,275.00,225.00,0.00,'/srv/volcancito',0,9),
	(753,'C2284','SHOW GOLD 100 TIROS',0,2,0.00,375.00,325.00,290.00,0.00,'/srv/volcancito/c2284.jpeg',0,9),
	(754,'K2283','BATERIA SILVER 48 TIROS',0,2,0.00,210.00,175.00,160.00,0.00,'/srv/volcancito/bateriasilver48.jpg',0,9),
	(755,'C2308','BATERIAS MERLIN 165 TIROS',0,2,0.00,750.00,650.00,575.00,0.00,'/srv/volcancito',0,9),
	(757,'CHP20113','BATERIA NEW YORK 25 TIROS',0,4,0.00,250.00,200.00,160.00,0.00,'/srv/volcancito/baterianewyork25tiros.jpg',0,9),
	(758,'V907','SHOW REY DE GATO 49 TIROS',0,16,0.00,450.00,385.00,340.00,0.00,'/srv/volcancito',0,9),
	(759,'LV021','SHOW CIELO ILUMINADO 36 TIROS',0,3,0.00,300.00,275.00,225.00,0.00,'/srv/volcancito/bateriacieloiluminado36tiros.jpg',0,9),
	(760,'LV016','SHOW LLUVIA DE COLORES 35 TIROS',0,3,0.00,210.00,175.00,160.00,0.00,'/srv/volcancito/baterialluviadecolores35tiros.jpg',0,9),
	(762,'LV024','SHOW FIESTA DE LUCES 49 TIROS',0,3,0.00,400.00,375.00,325.00,0.00,'/srv/volcancito',0,9),
	(763,'K2255','SHOW SILVIDO CELESTIAL 25 TIROS',0,2,0.00,45.00,40.00,32.00,0.00,'/srv/volcancito',0,9),
	(764,'CD1060','SHOW TRUENOS PLATEADOS SILVER STROBE 25 TIROS',0,6,0.00,250.00,200.00,175.00,0.00,'/srv/volcancito',0,9),
	(765,'C2333','SHOW ANUBIS ',0,2,0.00,2490.00,2135.00,1875.00,0.00,'/srv/volcancito',0,9),
	(766,'LV051','BATERIA ONIX 49 TIROS',0,3,0.00,400.00,375.00,325.00,0.00,'/srv/volcancito',0,9),
	(767,'LV052','BATERIA IMPERIAL TOPAS 49 TIROS',0,3,0.00,400.00,375.00,0.00,0.00,'/srv/volcancito',0,9),
	(768,'LV053','BATERIA SAFIRO 49 TIROS',0,3,0.00,400.00,375.00,325.00,0.00,'/srv/volcancito',0,9),
	(769,'LV054','BATERIA AMATISTA 49 TIROS',0,3,0.00,400.00,375.00,325.00,0.00,'/srv/volcancito',0,9),
	(770,'C2339','SHOW REGGAETON',0,2,0.00,950.00,800.00,700.00,0.00,'/srv/volcancito',0,9),
	(771,'BC2536','BATERIA GIGANTE DE 2.5 PULGADAS 36 TIROS',0,16,0.00,1750.00,1500.00,1312.50,0.00,'/srv/volcancito',0,9),
	(772,'SFC16A','SHOW MEDIANO DE 3 PULGADAS 16 TIROS',0,16,0.00,1000.00,860.00,750.00,0.00,'/srv/volcancito',0,9),
	(774,'SFC36A','SHOW MEDIADO DE 2 PULGADAS',0,16,0.00,670.00,575.00,500.00,0.00,'/srv/volcancito',0,9),
	(775,'GWC62491','SHOW GIGANTE DE 2 PULGADAS 49 TIROS',0,16,0.00,1210.00,1100.00,910.00,0.00,'/srv/volcancito',0,9),
	(776,'SFD-L14','SHOW GRANDE 100 TIROS',0,16,0.00,750.00,650.00,575.00,0.00,'/srv/volcancito',0,9),
	(777,'SFD-L08','SHOW GRANDE 100 TIROS',0,16,0.00,750.00,650.00,562.50,0.00,'/srv/volcancito',0,9),
	(778,'C2357','SHOW TIFON',0,2,0.00,800.00,685.00,600.00,0.00,'/srv/volcancito',0,9),
	(780,'SFD-L13','SHOW GRANDE 100 TIROS',0,16,0.00,750.00,650.00,575.00,0.00,'/srv/volcancito',0,9),
	(781,'SFC100-H16','SHOW WAVE PALM 100 TIROS',0,16,0.00,670.00,575.00,500.00,0.00,'/srv/volcancito',0,9),
	(782,'C7727','PLATO VOLADOR CON TRUENO',0,2,0.00,25.00,22.00,20.00,0.00,'/srv/volcancito',0,14),
	(783,'K3300','TROMPITO EXPLOSIVO',0,2,0.00,14.00,13.00,12.00,0.00,'/srv/volcancito',0,12),
	(784,'OP199R','TROMPO TERRESTRE TNT GROUND',0,16,0.00,3.00,2.75,2.25,0.00,'/srv/volcancito',0,12),
	(785,'GB602','MORTERO BALON DE FOOTBOL',0,16,21.80,36.00,30.00,27.00,0.00,'/srv/volcancito',0,17),
	(786,'BP4219','FUENTE MORTERO OSAMA BIN LADEN',0,16,28.37,45.00,40.00,35.00,0.00,'/srv/volcancito',0,17),
	(787,'P326','MORTERITO SILBA BOOM',0,16,12.50,20.00,17.00,15.00,0.00,'/srv/volcancito',0,17),
	(788,'K0302-6','BAZOKA DE 6 TIROS',0,9,0.00,3.50,3.00,1.75,0.00,'/srv/volcancito',0,17),
	(790,'HP504','FUENTE DE LLAMAS ENCANTADAS',0,16,17.00,28.00,24.00,20.00,0.00,'/srv/volcancito',0,16),
	(791,'031-01','MOSAICO LUMINOSO',0,11,14.40,18.00,16.50,15.50,0.00,'/srv/volcancito',0,20),
	(792,'V764','FUENTE FLORES LINDAS',0,16,5.83,10.00,8.50,7.50,0.00,'/srv/volcancito',0,16),
	(793,'C8803','FUENTE CRACKER',0,16,32.33,36.00,36.00,34.00,0.00,'/srv/volcancito',0,16),
	(794,'GW7553','FLASH DESTELLOS CEGADORES',0,16,13.27,22.00,18.00,16.50,0.00,'/srv/volcancito',0,16),
	(795,'RSG-01','FLASH CANDY GLITTERING',0,16,11.00,19.00,16.00,14.00,0.00,'/srv/volcancito',0,16),
	(796,'TB010-01','ESTRELLA JUNIOR',0,16,0.00,10.00,8.50,7.50,0.00,'/srv/volcancito',0,29),
	(797,'HT69','ESTRELLA SUPER TAURO CORRIENTE',0,5,8.20,10.00,9.00,8.50,0.00,'/srv/volcancito',0,29),
	(798,'HT66','ESTRELLA CORRIENTE CHINA PEQUEA',0,5,0.00,10.00,9.00,8.50,0.00,'/srv/volcancito',0,29),
	(800,'BO','BOLSA OFERTA',0,16,10.00,10.00,10.00,10.00,0.00,'/srv/volcancito',0,38),
	(801,'LF0623','HAPPY BIRD OPERING FLOWER',0,16,30.00,0.00,0.00,0.00,0.00,'/srv/volcancito',0,10),
	(803,'BC920','AVISPA VERDE/ HAWK',0,16,7.75,0.00,0.00,0.00,0.00,'/srv/volcancito',0,14),
	(804,'A004','CIRCO BLITZ PEDRO PEQ',0,16,9.00,0.00,0.00,0.00,0.00,'/srv/volcancito',0,14),
	(805,'A003/TB8','FUENTE BALLET',0,16,27.60,0.00,0.00,0.00,0.00,'/srv/volcancito/fuenteballet.jpeg',0,10),
	(806,'CD1222','ESTRELLAS ROJAS CON CRACKLING',0,6,32.00,0.00,0.00,0.00,0.00,'/srv/volcancito',0,9),
	(807,'XX6028','FUENTE STAYE SILVER INDOOR',0,16,35.00,58.50,50.00,43.75,0.00,'/srv/volcancito',0,36),
	(808,'R15M000A','ROLLO DE 15 METROS TIPO A',0,16,52.50,60.00,58.50,58.50,0.00,'/srv/volcancito',0,7),
	(809,'4','WOLF PACK MISSILES',0,16,25.20,0.00,0.00,0.00,0.00,'/srv/volcancito',0,11),
	(810,'MISSILE BASE','GPH3064',0,16,0.00,0.00,0.00,0.00,0.00,'/srv/volcancito',0,11),
	(811,'CL','COMBO LONCHERITA',0,16,0.00,0.00,0.00,0.00,0.00,'/srv/volcancito',0,26),
	(812,'T000C','TAMALITO CRACKER',0,16,0.00,0.00,0.00,0.00,0.00,'/srv/volcancito',0,32),
	(813,'VM000DL','VOLCAN MEDIANO DE LUJO',0,16,0.00,0.00,0.00,0.00,0.00,'/srv/volcancito',0,20),
	(814,'SF-612','UFO ORBITA',0,16,0.00,0.00,0.00,0.00,0.00,'/srv/volcancito',0,14),
	(815,'MCKC','MINI COMBO KIDS CRISTAL',0,16,25.00,50.00,50.00,50.00,0.00,'/srv/volcancito',0,26),
	(816,'ODJ','OFERTA COMBO CRISTAL JUGUETE',0,27,0.00,0.00,0.00,0.00,0.00,'/srv/volcancito',0,39),
	(817,'FOA2015','OULET RIO',0,16,0.00,0.00,0.00,0.00,0.00,'/srv/volcancito',0,10),
	(818,'CCMCF','COMBO CAJITA MAGICA CIEN FUEGOS',0,2,80.00,125.00,100.00,100.00,0.00,'/srv/volcancito',0,26),
	(819,'SF-A10','COMBO FIREWORKS',0,16,0.00,0.00,0.00,0.00,0.00,'/srv/volcancito',0,26),
	(820,'T6244','CANDELA DE 60',0,16,15.50,25.00,22.00,19.00,0.00,'/srv/volcancito',0,13),
	(821,'SW621','MIDGET BOMB',0,16,45.00,75.00,65.00,58.00,0.00,'/srv/volcancito',0,23),
	(822,'JP2-686','ROCKET TURBO BOOSTER',0,16,0.00,0.00,0.00,0.00,0.00,'/srv/volcancito',0,19),
	(823,'P335','FUENTE MONO DANZARIN',0,16,27.00,45.00,38.00,33.00,0.00,'/srv/volcancito',0,10),
	(824,'G23237','ARTILLERIA BEATIFUL STARS ',0,16,0.00,0.00,0.00,0.00,0.00,'/srv/volcancito',0,23),
	(825,'EPTL','ESTRELLA PEQUEA TIGRE LEON',0,16,9.50,10.00,10.00,10.00,0.00,'/srv/volcancito',0,29),
	(826,'MO0003','MORTERO NO. 3',0,16,0.00,0.00,0.00,0.00,0.00,'/srv/volcancito',0,17),
	(827,'P7022','CRACKLING BLITZ',0,16,0.00,0.00,0.00,0.00,0.00,'/srv/volcancito',0,32),
	(828,'071-01','CANDELA ROMANA TIGRE DE 10',0,11,0.00,0.00,0.00,0.00,0.00,'/srv/volcancito',0,13),
	(829,'075-01','CANDELA ROMANA TIGRE DE 30 ',0,16,0.00,0.00,0.00,0.00,0.00,'/srv/volcancito',0,13),
	(830,'LS11','GIRASOL RAINBOW',0,16,0.00,0.00,0.00,0.00,0.00,'/srv/volcancito',0,21),
	(831,'0204-1','MAGIC WHIP',0,16,25.00,42.00,36.00,28.00,0.00,'/srv/volcancito',0,7),
	(832,'CK000L','COMBO KIDS LONCHERITA',0,8,85.00,125.00,99.00,99.00,0.00,'/srv/volcancito',0,26),
	(833,'FESC0161','GLOBO AREOSTATICO FES',0,16,25.00,45.00,35.00,32.00,0.00,'/srv/volcancito',0,34),
	(834,'GA','GLOBO AREOSTATICO NACIONAL',0,16,0.00,70.00,60.00,50.00,0.00,'/srv/volcancito',0,34),
	(835,'CANUTO','CANUTO',0,31,4.17,7.00,6.00,5.25,0.00,'/srv/volcancito',0,40),
	(836,'CHISPERO','CHISPERO PARA TORO',0,16,3.33,5.50,5.00,4.00,0.00,'/srv/volcancito',0,40),
	(837,'K0203-6','BAZOKA 6 TIROS',0,16,1.30,3.50,3.00,1.75,0.00,'/srv/volcancito',0,17),
	(838,'SFC1901','BATERIA DE HUMO 19 TIROS',0,16,100.00,150.00,125.00,125.00,0.00,'/srv/volcancito',0,9),
	(839,'MG000M','MARIPOSA GUACAMAYA MEDIANA',0,16,0.00,0.00,0.00,0.00,0.00,'/srv/volcancito',0,14),
	(840,'SGW212','CRACKER FIRE RING',0,16,5.34,9.00,8.00,7.00,0.00,'/srv/volcancito',0,32),
	(841,'FOA2962','ARTILLERIA BOMBS AWAY',0,16,0.00,150.00,150.00,150.00,0.00,'/srv/volcancito',0,23),
	(842,'SW646','ARTILLERIA MIGET BOMB',0,16,98.56,150.00,140.00,125.00,0.00,'/srv/volcancito',0,23),
	(843,'K2257','SIGNOS DEL ZODIACO 16 TIROS',0,2,25.00,42.00,36.00,32.00,0.00,'/srv/volcancito',0,9),
	(844,'BNT0004E','BOMBA NACIONAL TRUENO 4 E',0,16,15.00,17.50,17.50,17.50,0.00,'/srv/volcancito',0,25),
	(845,'CFAM','COMBO FAMILIAR',0,8,0.00,150.00,150.00,150.00,0.00,'/srv/volcancito',0,26),
	(846,'B3688','CRACKER BALON EXPLOSIVO',0,16,21.00,35.00,30.00,26.00,0.00,'/srv/volcancito',0,32),
	(847,'C000NG','CEREAL NUTRI GUATE',0,16,1.75,3.50,3.00,2.60,0.00,'/srv/volcancito',0,38),
	(848,'E000CH','ESTALLOS',0,16,4.50,12.00,12.00,12.00,0.00,'/srv/volcancito',0,15),
	(849,'HE1019','ROCKET SHOW',0,16,27.00,45.00,38.00,33.00,0.00,'/srv/volcancito',0,19),
	(850,'GPN000SG','GIRASOL PARA CASTILLO GIGANTE',0,16,0.00,0.00,0.00,0.00,0.00,'/srv/volcancito',0,38),
	(851,'CD1404','PEONIA VERDE Y MORADA 25 TIROS',0,16,32.50,50.00,42.50,37.50,0.00,'/srv/volcancito',0,40),
	(852,'R5MTM3','ROLLO DE 5 MTS TIPO MORTERO 3',0,16,75.00,85.00,85.00,85.00,0.00,'/srv/volcancito',0,7),
	(853,'GWD007','SHOW GIGANTE 36 T PYRAMID 2.5 PULG',0,16,1000.00,1675.00,1425.00,1250.00,0.00,'/srv/volcancito',0,9),
	(854,'GWD008','SHOW GIGANTE 25 TIROS GREAT WALL',0,16,1150.00,1900.00,1650.00,1450.00,0.00,'/srv/volcancito',0,9),
	(855,'VG000GN','VOLCAN GIG. GATO NEGRO',0,16,13.00,18.00,17.00,16.00,0.00,'/srv/volcancito',0,20),
	(856,'SSM061A','SCREENING SMOKE ASSORTED',0,16,14.91,24.00,22.00,20.00,0.00,'/srv/volcancito',0,27),
	(857,'C4274','CONFETTI DE 80 CM',0,2,19.99,35.00,30.00,25.00,0.00,'/srv/volcancito',0,22),
	(858,'GND009','SHOW GIGANTE 16 T SKY BUS 4 PULG',0,16,1025.00,1725.00,1725.00,1725.00,0.00,'/srv/volcancito',0,9),
	(859,'SF032','SHOW PALMERAS ROJAS Y PECES PLATEADAS 16 T',0,16,32.50,55.00,50.00,45.00,0.00,'/srv/volcancito',0,9),
	(860,'R15M000O','ROLLO DE 15 MTS OVALADO',0,16,39.00,90.00,90.00,90.00,0.00,'/srv/volcancito',0,7),
	(861,'R30M000A','ROLLO 30 MTS TIPO A',0,16,78.00,105.00,105.00,105.00,0.00,'/srv/volcancito',0,7),
	(862,'R100M000A','ROLLO DE 100 MTS TIPO A',0,16,260.00,500.00,500.00,500.00,0.00,'/srv/volcancito',0,7),
	(863,'BNT0003E','BOMBA NACIONAL DE TRUENO DE 3',0,16,6.25,8.25,8.25,8.25,0.00,'/srv/volcancito',0,25),
	(864,'PN','POLVORA',0,16,22.50,30.00,30.00,30.00,0.00,'/srv/volcancito',0,40),
	(865,'GWI7557','VOLCAN EMBIDERY',0,16,0.00,0.00,0.00,0.00,0.00,'/srv/volcancito',0,36),
	(866,'SFC326-Q10/art10043s','New York Bateria gig en avanico de 326 tiros',0,33,1275.00,2125.00,1825.00,1595.00,0.00,'/srv/volcancito',0,9),
	(867,'49H01 /SFC49H01','49H01 BATIERA DE 49 TIROS 2/1',0,33,255.00,425.00,365.00,320.00,0.00,'/srv/volcancito',0,9),
	(868,'SFC3604/SFC3623','MIDNIGHT RIDER BATERIA CUADRADA DE36 TIROS 4/1',0,33,165.00,275.00,236.00,207.00,0.00,'/srv/volcancito',0,9),
	(869,'SFC12253/SFC12251','SPRING BAMBOO AVANICO DE 25 TIROS 4/1',0,33,130.00,217.00,186.00,162.50,0.00,'/srv/volcancito',0,9),
	(870,'4904/SFC4901','GALACTIC STORM BATERIA EN AVANICO DE 49 TIROS 2/1',0,33,275.00,458.00,392.00,345.00,0.00,'/srv/volcancito',0,9),
	(871,'SFC2580','BRAVE 2580 BATERIA MEDIANA DE 25 4/1',0,33,125.00,210.00,180.00,157.00,0.00,'/srv/volcancito',0,9),
	(873,'49F91/SFC49F91','49F91 BATERIA EN AVANICO DE 49 TIROS 2/1',0,33,275.00,460.00,400.00,345.00,0.00,'/srv/volcancito',0,9),
	(874,'ZX8081','UFO VOLADOR ARO ROJO 8/1',0,33,240.00,400.00,342.00,300.00,0.00,'/srv/volcancito',0,14),
	(875,'100H03/SFC100H03','100H03 BATERIA CUADRADA DE 100 TIROS 1/1',0,33,550.00,890.00,785.00,687.50,0.00,'/srv/volcancito',0,9),
	(876,'SFC3603/SFC8362','DANGER ROUTTE BATERIA CUADRADA DE 36 TIROS 4/1',0,33,165.00,275.00,236.00,207.00,0.00,'/srv/volcancito',0,9),
	(877,'4903/SFC8493','GETTING EVEN BATERIA CUADRADA DE 49 TIROS 2/1',0,33,275.00,458.00,395.00,345.00,0.00,'/srv/volcancito',0,9),
	(878,'SFC12254/SFC12252','GRAND ANSE BATERIA EN AVANICO DE 25 TIROS 4/1',0,33,130.00,225.00,186.00,162.50,0.00,'/srv/volcancito',0,9),
	(879,'100H13/SFC100H13','PLATINIUM BATERIA CUADRADA DE 100 TIROS 1/1',0,33,550.00,925.00,785.00,687.50,0.00,'/srv/volcancito',0,9),
	(880,'100F85/SFC100F85','100F85 BATERIA AVANICO DE 100 TIROS 1/1',0,33,575.00,958.00,825.00,719.00,0.00,'/srv/volcancito',0,9),
	(881,'SFC100F103/100A14','VIVA VENEZUELA BATERIA EN AVANICO DE 100 TIROS',0,33,525.00,875.00,750.00,657.00,0.00,'/srv/volcancito',0,9),
	(882,'100F96/SFC100F96','100F96 DRAGON BATERIA EN AVANICO DE 100TIROS',0,33,575.00,958.00,825.00,719.00,0.00,'/srv/volcancito',0,9),
	(883,'49H09/SFC49H09','49H09 BATERIA CUADRADA DE 49 TIROS 2/1',0,33,255.00,425.00,365.00,319.00,0.00,'/srv/volcancito',0,9),
	(884,'CH000P','HUEVO DE PALOMA',0,16,25.00,35.00,32.00,30.00,0.00,'/srv/volcancito',0,28),
	(885,'GE7750','TOMPO BOTAO',0,2,3.50,6.50,6.00,5.00,0.00,'/srv/volcancito',0,12),
	(886,'AI-2004','TROMPO FLYING GROUND BLOOM',0,16,3.00,7.00,6.00,5.00,0.00,'/srv/volcancito',0,14),
	(887,'SFC2582','BATERIA 25 TIROS LOST IN THE WOOD',0,16,110.00,185.00,160.00,140.00,0.00,'/srv/volcancito',0,9),
	(888,'VP000QDE','VOLCAN  PEQUEO QUETZAL DORADO CON EFECTOS',0,22,18.00,20.00,20.00,20.00,0.00,'/srv/volcancito',0,20),
	(890,'C0007B1.80','MECHA GREEN FUSE 1.80 MM',0,2,0.50,1.00,0.80,0.75,0.00,'/srv/volcancito',0,40),
	(891,'C5002V','BENGALA DE HUMO VERDE 20/1',0,2,10.00,17.00,15.00,12.50,0.00,'/srv/volcancito',0,27);

/*!40000 ALTER TABLE `PRODUCTOS` ENABLE KEYS */;
UNLOCK TABLES;


# Dump of table PROGRAMAS
# ------------------------------------------------------------

DROP TABLE IF EXISTS `PROGRAMAS`;

CREATE TABLE `PROGRAMAS` (
  `id` int(11) unsigned NOT NULL AUTO_INCREMENT,
  `DESCRIPCION` varchar(50) DEFAULT NULL,
  `PROGRAM_NAME` varchar(70) DEFAULT NULL,
  PRIMARY KEY (`id`)
) ENGINE=InnoDB DEFAULT CHARSET=latin1;

LOCK TABLES `PROGRAMAS` WRITE;
/*!40000 ALTER TABLE `PROGRAMAS` DISABLE KEYS */;

INSERT INTO `PROGRAMAS` (`id`, `DESCRIPCION`, `PROGRAM_NAME`)
VALUES
	(1,'Usuarios','com.urbau.feeders.UsuariosMain'),
	(2,'Roles','com.urbau.feeders.RolesMain'),
	(3,'Programas','com.urbau.feeders.ProgramsMain'),
	(4,'Opciones','com.urbau.feeders.OptionsMain'),
	(5,'Opciones por Programa','com.urbau.feeders.OptionsByProgramMain'),
	(6,'Clientes','com.urbau.feeders.ClientsMain'),
	(7,'Tipo de Archivos','com.urbau.feeders.FilesTypeMain'),
	(8,'Cuentas','com.urbau.feeders.CuentasMain'),
	(9,'Caja','CAJA'),
	(10,'Monedas','com.urbau.feeders.MonedasMain'),
	(11,'Proveedores','com.urbau.feeders.ProveedoresMain'),
	(12,'Bodegas','com.urbau.feeders.BodegasMain'),
	(13,'Productos','com.urbau.feeders.ProductosMain'),
	(14,'Paises','com.urbau.feeders.PaisesMain'),
	(15,'Alias','com.urbau.feeders.AliasMain'),
	(16,'Rubros','com.urbau.feeders.TiposRubrosMain'),
	(17,'Presupuesto','com.urbau.feeders.PresupuestoMain'),
	(18,'Presupuesto Proyeccion','com.urbau.feeders.PresupuestosProyeccionesMain'),
	(19,'Presupuesto Ejecucion','com.urbau.feeders.PresupuestosEjecucionesMain'),
	(20,'Bancos','BANCOS'),
	(21,'Tipos de Movimiento','com.urbau.feeders.TiposDeMovimientosMain'),
	(22,'ClasificacionRubros','com.urbau.feeders.ClasificacionRubrosMain'),
	(23,'Packings','com.urbau.feeders.PackingMain'),
	(24,'Familias','com.urbau.feeders.FamiliasMain'),
	(25,'Inicio Bodegas','INICIO_BODEGAS'),
	(26,'Inicio Traslados','INICIO_TRASLADOS'),
	(27,'Inicio transito','INICIO_TRANSITO'),
	(28,'Inicio Pedido','INICIO_PEDIDOS'),
	(29,'Inicio Cobros','INICIO_COBROS'),
	(30,'Inicio - Graficas - Presupuesto','INICIO_GRAFICA_PRESUPUESTO'),
	(31,'Menu - Operaciones','MENU_OPERACIONES'),
	(32,'Menu - Planilla','MENU_PLANILLA'),
	(33,'Menu - Presupuesto','MENU_PRESUPUESTO'),
	(34,'Menu - Configuracion','MENU_CONFIGURACION'),
	(35,'Menu - Seguridad','MENU_SEGURIDAD'),
	(36,'Inicio - Compras','INICIO_COMPRAS'),
	(37,'Correlativos','CORRELATIVOS'),
	(38,'Menu - Inventario','MENU_INVENTARIO'),
	(39,'Menu - Clientes','MENU_CLIENTES'),
	(40,'Menu - Ventas','MENU_VENTAS'),
	(41,'Menu - Bancos','MENU_BANCOS'),
	(42,'Menu - Facturacin','MENU_FACTURACION'),
	(43,'Menu - Proveedores','MENU_PROVEEDORES'),
	(44,'Menu - Reportes','MENU_REPORTES'),
	(45,'Ingreso a Bodega','CARGA_DE_PRODUCTO'),
	(46,'Bodegas por Usuario','BODEGAS_POR_USUARIO'),
	(47,'Bodegas - Inventario','INVENTARIO_DE_BODEGA'),
	(49,'Ordenes','ORDENES'),
	(50,'Ubicaciones','UBICACIONES'),
	(51,'Cupones de Descuento','CUPONES_DE_DESCUENTO'),
	(52,'Motivos de descuento','MOTIVOS_DE_DESCUENTO'),
	(53,'Reporte de Base de Datos de Productos','BASE_DE_DATOS'),
	(54,'Reporte de Inventario','REPORTE_INVENTARIO'),
	(55,'Salidas de Bodega','SALIDAS_BODEGA'),
	(56,'Reporte de Traslados','REPORTE_TRASLADOS'),
	(57,'Reporte de Salidas','REPORTE_SALIDAS');

/*!40000 ALTER TABLE `PROGRAMAS` ENABLE KEYS */;
UNLOCK TABLES;


# Dump of table PROVEEDORES
# ------------------------------------------------------------

DROP TABLE IF EXISTS `PROVEEDORES`;

CREATE TABLE `PROVEEDORES` (
  `id` int(11) unsigned NOT NULL AUTO_INCREMENT,
  `NIT` varchar(15) DEFAULT NULL,
  `CODIGO` varchar(10) DEFAULT NULL,
  `NOMBRE` varchar(150) DEFAULT NULL,
  `RAZON_SOCIAL` varchar(300) DEFAULT NULL,
  `CONTACTO` varchar(300) DEFAULT NULL,
  `DIRECCION` varchar(500) DEFAULT NULL,
  `TELEFONO` varchar(15) DEFAULT NULL,
  `CORREO` varchar(100) DEFAULT NULL,
  `PAIS` int(11) DEFAULT NULL,
  `MONEDA` int(11) DEFAULT NULL,
  `LIMITE_CREDITO` double(15,2) DEFAULT NULL,
  `SALDO` double(15,2) DEFAULT NULL,
  PRIMARY KEY (`id`)
) ENGINE=InnoDB DEFAULT CHARSET=latin1;

LOCK TABLES `PROVEEDORES` WRITE;
/*!40000 ALTER TABLE `PROVEEDORES` DISABLE KEYS */;

INSERT INTO `PROVEEDORES` (`id`, `NIT`, `CODIGO`, `NOMBRE`, `RAZON_SOCIAL`, `CONTACTO`, `DIRECCION`, `TELEFONO`, `CORREO`, `PAIS`, `MONEDA`, `LIMITE_CREDITO`, `SALDO`)
VALUES
	(1,'1721142-5','PR1','Jose Alejandro Urizar','UrBAU','Alejandro Urizar','34 calle','59935020','jale.uri@gmail.com',0,1,0.00,0.00),
	(2,'23232','P2','PROVEEDOR 2','FDASF','FAS','FADS','232342','jfads@fdac.com',1,1,1000.00,0.00),
	(3,'78890132','2211','Productos Sociedad Anonima','Productos S.A.','Alejandro','43 calle 2-43 z. 1','3234-4354','jalejandro.urizar@gmail.com',1,1,1000.00,0.00);

/*!40000 ALTER TABLE `PROVEEDORES` ENABLE KEYS */;
UNLOCK TABLES;


# Dump of table PROVEEDORES_PAGOS
# ------------------------------------------------------------

DROP TABLE IF EXISTS `PROVEEDORES_PAGOS`;

CREATE TABLE `PROVEEDORES_PAGOS` (
  `id` int(11) unsigned NOT NULL AUTO_INCREMENT,
  `ID_COMPRA` int(11) DEFAULT NULL,
  `FECHA` timestamp NULL DEFAULT NULL,
  `MONTO` double(15,2) DEFAULT NULL,
  `TIPO_PAGO` varchar(10) DEFAULT NULL,
  `NO_AUTORIZACION` varchar(255) DEFAULT NULL,
  `NO_CHEQUE` varchar(255) DEFAULT NULL,
  `ID_BANCO` int(11) DEFAULT NULL,
  `TIPO_TARJETA` varchar(255) DEFAULT NULL,
  `NO_TARJETA` varchar(255) DEFAULT NULL,
  `ID_USUARIO` int(11) DEFAULT NULL,
  PRIMARY KEY (`id`)
) ENGINE=InnoDB DEFAULT CHARSET=latin1;

LOCK TABLES `PROVEEDORES_PAGOS` WRITE;
/*!40000 ALTER TABLE `PROVEEDORES_PAGOS` DISABLE KEYS */;

INSERT INTO `PROVEEDORES_PAGOS` (`id`, `ID_COMPRA`, `FECHA`, `MONTO`, `TIPO_PAGO`, `NO_AUTORIZACION`, `NO_CHEQUE`, `ID_BANCO`, `TIPO_TARJETA`, `NO_TARJETA`, `ID_USUARIO`)
VALUES
	(1,2,'2016-04-10 22:18:03',11.00,'efectivo','','',0,'','',2),
	(2,2,'2016-04-10 22:18:21',300.00,'tarjeta','42324343233243','',1,'VISA','2212',2),
	(3,2,'2016-04-10 22:18:40',200.00,'cheque','','34364342',5,'','',2),
	(4,3,'2016-06-09 15:58:17',100.00,'cheque','','23344',1,'','',-1),
	(5,3,'2016-06-09 15:58:53',50.00,'cheque','','0000009',5,'','',-1),
	(6,13,'2016-07-01 16:48:54',100.00,'efectivo','','',0,'','',-1),
	(7,14,'2016-07-01 16:49:36',100.00,'efectivo','','',0,'','',-1),
	(8,15,'2016-07-01 16:54:45',50.00,'efectivo','','',0,'','',2),
	(9,16,'2016-07-01 17:12:10',15.00,'efectivo','','',0,'','',2),
	(10,16,'2016-07-01 17:28:13',50.00,'efectivo','','',0,'','',-1),
	(11,1,'2016-07-04 22:43:14',173.25,'efectivo','','',0,'','',-1),
	(12,15,'2016-07-04 22:43:14',266.75,'efectivo','','',0,'','',-1),
	(14,11,'2016-07-04 22:47:19',675.00,'efectivo','','',0,'','',-1),
	(15,12,'2016-07-04 22:47:19',39.60,'efectivo','','',0,'','',-1),
	(16,13,'2016-07-04 22:47:19',125.00,'efectivo','','',0,'','',-1),
	(17,14,'2016-07-04 22:47:19',411.40,'efectivo','','',0,'','',-1),
	(18,1,'2016-07-05 14:39:33',173.25,'cheque','','9898989',1,'','',-1),
	(19,15,'2016-07-05 14:39:33',726.75,'cheque','','9898989',1,'','',-1),
	(20,16,'2016-07-05 14:39:33',-323.25,'cheque','','9898989',1,'','',-1),
	(21,11,'2016-08-15 20:28:19',300.00,'efectivo','','',0,'','',2),
	(22,12,'2016-08-15 20:28:19',-375.00,'efectivo','','',0,'','',2),
	(23,13,'2016-08-15 20:28:19',-414.60,'efectivo','','',0,'','',2),
	(24,14,'2016-08-15 20:28:19',-539.60,'efectivo','','',0,'','',2),
	(25,20,'2016-08-15 20:28:19',-951.60,'efectivo','','',0,'','',2),
	(26,21,'2016-08-15 20:28:19',-963.60,'efectivo','','',0,'','',2),
	(27,22,'2016-08-15 20:28:19',-964.60,'efectivo','','',0,'','',2),
	(28,11,'2016-08-15 20:29:46',300.00,'efectivo','','',0,'','',2),
	(29,12,'2016-08-15 20:29:46',-375.00,'efectivo','','',0,'','',2),
	(30,13,'2016-08-15 20:29:46',-414.60,'efectivo','','',0,'','',2),
	(31,14,'2016-08-15 20:29:46',-539.60,'efectivo','','',0,'','',2),
	(32,20,'2016-08-15 20:29:46',-951.60,'efectivo','','',0,'','',2),
	(33,21,'2016-08-15 20:29:46',-963.60,'efectivo','','',0,'','',2),
	(34,22,'2016-08-15 20:29:46',-964.60,'efectivo','','',0,'','',2);

/*!40000 ALTER TABLE `PROVEEDORES_PAGOS` ENABLE KEYS */;
UNLOCK TABLES;


# Dump of table PUESTOS
# ------------------------------------------------------------

DROP TABLE IF EXISTS `PUESTOS`;

CREATE TABLE `PUESTOS` (
  `id` int(11) unsigned NOT NULL AUTO_INCREMENT,
  `DESCRIPCION` varchar(300) DEFAULT NULL,
  PRIMARY KEY (`id`)
) ENGINE=InnoDB DEFAULT CHARSET=latin1;

LOCK TABLES `PUESTOS` WRITE;
/*!40000 ALTER TABLE `PUESTOS` DISABLE KEYS */;

INSERT INTO `PUESTOS` (`id`, `DESCRIPCION`)
VALUES
	(1,'Coordinador de Ventas'),
	(2,'Coordinador de Entregas'),
	(3,'El Nuevo Banco de AC'),
	(4,'Asistente de Gerencia');

/*!40000 ALTER TABLE `PUESTOS` ENABLE KEYS */;
UNLOCK TABLES;


# Dump of table PUNTOSDEVENTAS
# ------------------------------------------------------------

DROP TABLE IF EXISTS `PUNTOSDEVENTAS`;

CREATE TABLE `PUNTOSDEVENTAS` (
  `id` int(11) unsigned NOT NULL AUTO_INCREMENT,
  `NOMBRE` varchar(255) DEFAULT NULL,
  `DIRECCION` varchar(255) DEFAULT NULL,
  `TELEFONO` varchar(30) DEFAULT NULL,
  PRIMARY KEY (`id`)
) ENGINE=InnoDB DEFAULT CHARSET=latin1;

LOCK TABLES `PUNTOSDEVENTAS` WRITE;
/*!40000 ALTER TABLE `PUNTOSDEVENTAS` DISABLE KEYS */;

INSERT INTO `PUNTOSDEVENTAS` (`id`, `NOMBRE`, `DIRECCION`, `TELEFONO`)
VALUES
	(1,'La Florida','2 Avenida 2-62 Zona 19, Col. La Florida.','2433-3100 2432-3172 2437-6317'),
	(2,'Calzada San Juan','Calz. San Juan, 14-83 Zona 3 de Mixco Col. Nueva Monserrat.','2431-3805 2431-3806 2432-8849'),
	(3,'San Marcos','5 calle 3-27 Zona 4 Calzada Valle de la Esmeralda San Pedro Sacatepquez','7760-5081'),
	(4,'Xela','29 Av. 8-07 Zona 7 Quetzaltenango','7736-8508'),
	(5,'Cuarta Calle','4ta Calle','---');

/*!40000 ALTER TABLE `PUNTOSDEVENTAS` ENABLE KEYS */;
UNLOCK TABLES;


# Dump of table ROLES
# ------------------------------------------------------------

DROP TABLE IF EXISTS `ROLES`;

CREATE TABLE `ROLES` (
  `id` int(11) NOT NULL AUTO_INCREMENT,
  `DESCRIPCION` varchar(20) DEFAULT NULL,
  PRIMARY KEY (`id`)
) ENGINE=InnoDB DEFAULT CHARSET=latin1;

LOCK TABLES `ROLES` WRITE;
/*!40000 ALTER TABLE `ROLES` DISABLE KEYS */;

INSERT INTO `ROLES` (`id`, `DESCRIPCION`)
VALUES
	(0,'SUPERUSER'),
	(1,'ADMINISTRADOR'),
	(2,'VENDEDOR'),
	(3,'SUPERVISOR'),
	(4,'AUDITOR'),
	(7,'fasd'),
	(8,'fasfdasfdsa'),
	(9,'RUTERO'),
	(11,'Nuevo Rol'),
	(12,'S. D. Despacho2'),
	(13,'Despacho'),
	(14,'Vendedor/Caja'),
	(15,'Test Rol');

/*!40000 ALTER TABLE `ROLES` ENABLE KEYS */;
UNLOCK TABLES;


# Dump of table SALIDAS_BODEGA
# ------------------------------------------------------------

DROP TABLE IF EXISTS `SALIDAS_BODEGA`;

CREATE TABLE `SALIDAS_BODEGA` (
  `id` int(11) unsigned NOT NULL AUTO_INCREMENT,
  `BODEGA` int(11) DEFAULT NULL,
  `FECHA` timestamp NULL DEFAULT NULL,
  `USUARIO` int(11) DEFAULT NULL,
  `TRANSID` varchar(300) DEFAULT NULL,
  `CORRELATIVO` int(11) DEFAULT NULL,
  `OBSERVACIONES` varchar(300) DEFAULT NULL,
  PRIMARY KEY (`id`)
) ENGINE=InnoDB DEFAULT CHARSET=utf8;

LOCK TABLES `SALIDAS_BODEGA` WRITE;
/*!40000 ALTER TABLE `SALIDAS_BODEGA` DISABLE KEYS */;

INSERT INTO `SALIDAS_BODEGA` (`id`, `BODEGA`, `FECHA`, `USUARIO`, `TRANSID`, `CORRELATIVO`, `OBSERVACIONES`)
VALUES
	(67,2,'2016-08-15 19:33:04',2,'EFT-7758880086126104891',1,NULL),
	(68,2,'2016-08-15 19:37:19',2,'EFT1356872450619521878',2,NULL),
	(69,2,'2016-08-15 19:39:42',2,'EFT3727720394208795368',3,NULL),
	(70,2,'2016-08-15 21:49:56',2,'EFT-5529381962317774948',5,'Buena prueba '),
	(71,2,'2016-08-15 21:51:07',2,'EFT-1213749820536085981',6,'ESTA ES LA NUEVA OBSERVACION'),
	(72,2,'2016-08-25 20:55:30',2,'EFT8021180528970933140',7,''),
	(73,2,'2016-08-25 21:52:55',2,'EFT-1381751694642089122',8,''),
	(74,4,'2016-09-19 20:01:44',2,'EFT2593689031453385229',1,'las observaciones'),
	(75,2,'2017-01-14 11:20:26',2,'EFT-5826878618622695046',9,'Producto defectuoso');

/*!40000 ALTER TABLE `SALIDAS_BODEGA` ENABLE KEYS */;
UNLOCK TABLES;


# Dump of table SALIDAS_BODEGA_DETALLE
# ------------------------------------------------------------

DROP TABLE IF EXISTS `SALIDAS_BODEGA_DETALLE`;

CREATE TABLE `SALIDAS_BODEGA_DETALLE` (
  `id` int(11) unsigned NOT NULL AUTO_INCREMENT,
  `ID_SALIDA` int(11) DEFAULT NULL,
  `ID_PRODUCTO` int(11) DEFAULT NULL,
  `UNIDADES_PRODUCTO` int(11) DEFAULT NULL,
  `UNITARIO` int(11) DEFAULT NULL,
  `PACKING_SELECCIONADO` int(11) DEFAULT NULL,
  PRIMARY KEY (`id`)
) ENGINE=InnoDB DEFAULT CHARSET=utf8;

LOCK TABLES `SALIDAS_BODEGA_DETALLE` WRITE;
/*!40000 ALTER TABLE `SALIDAS_BODEGA_DETALLE` DISABLE KEYS */;

INSERT INTO `SALIDAS_BODEGA_DETALLE` (`id`, `ID_SALIDA`, `ID_PRODUCTO`, `UNIDADES_PRODUCTO`, `UNITARIO`, `PACKING_SELECCIONADO`)
VALUES
	(111,67,3,1,1,1),
	(112,68,2,10,10,1),
	(113,69,2,5,5,1),
	(114,-1,3,11,11,1),
	(115,-1,2,11,11,1),
	(116,-1,7,132,11,12),
	(117,-1,3,1,1,1),
	(118,71,3,1,1,1),
	(119,72,8,1,1,1),
	(120,73,11,6,6,1),
	(121,74,3,5,5,1),
	(122,75,3,8,8,1);

/*!40000 ALTER TABLE `SALIDAS_BODEGA_DETALLE` ENABLE KEYS */;
UNLOCK TABLES;


# Dump of table TIPO_MOVIMIENTO
# ------------------------------------------------------------

DROP TABLE IF EXISTS `TIPO_MOVIMIENTO`;

CREATE TABLE `TIPO_MOVIMIENTO` (
  `id` int(11) unsigned NOT NULL AUTO_INCREMENT,
  `DESCRIPCION` varchar(300) DEFAULT NULL,
  PRIMARY KEY (`id`)
) ENGINE=InnoDB DEFAULT CHARSET=latin1;

LOCK TABLES `TIPO_MOVIMIENTO` WRITE;
/*!40000 ALTER TABLE `TIPO_MOVIMIENTO` DISABLE KEYS */;

INSERT INTO `TIPO_MOVIMIENTO` (`id`, `DESCRIPCION`)
VALUES
	(1,'Movimiento 1');

/*!40000 ALTER TABLE `TIPO_MOVIMIENTO` ENABLE KEYS */;
UNLOCK TABLES;


# Dump of table TIPOS_CLASIFICACION
# ------------------------------------------------------------

DROP TABLE IF EXISTS `TIPOS_CLASIFICACION`;

CREATE TABLE `TIPOS_CLASIFICACION` (
  `id` int(11) unsigned NOT NULL AUTO_INCREMENT,
  `DESCRIPCION` varchar(100) DEFAULT NULL,
  PRIMARY KEY (`id`)
) ENGINE=InnoDB DEFAULT CHARSET=latin1;



# Dump of table TIPOS_DE_PAGO
# ------------------------------------------------------------

DROP TABLE IF EXISTS `TIPOS_DE_PAGO`;

CREATE TABLE `TIPOS_DE_PAGO` (
  `id` int(11) unsigned NOT NULL AUTO_INCREMENT,
  `DESCRIPCION` varchar(300) DEFAULT NULL,
  PRIMARY KEY (`id`)
) ENGINE=InnoDB DEFAULT CHARSET=latin1;

LOCK TABLES `TIPOS_DE_PAGO` WRITE;
/*!40000 ALTER TABLE `TIPOS_DE_PAGO` DISABLE KEYS */;

INSERT INTO `TIPOS_DE_PAGO` (`id`, `DESCRIPCION`)
VALUES
	(1,'Efectivo'),
	(2,'Cheque'),
	(3,'Deposito');

/*!40000 ALTER TABLE `TIPOS_DE_PAGO` ENABLE KEYS */;
UNLOCK TABLES;


# Dump of table TIPOS_RUBRO
# ------------------------------------------------------------

DROP TABLE IF EXISTS `TIPOS_RUBRO`;

CREATE TABLE `TIPOS_RUBRO` (
  `id` int(11) unsigned NOT NULL AUTO_INCREMENT,
  `DESCRIPCION` varchar(300) DEFAULT NULL,
  `TIPO` varchar(1) DEFAULT NULL,
  `ID_CLASIFICACION` int(11) DEFAULT NULL,
  PRIMARY KEY (`id`)
) ENGINE=InnoDB DEFAULT CHARSET=latin1;

LOCK TABLES `TIPOS_RUBRO` WRITE;
/*!40000 ALTER TABLE `TIPOS_RUBRO` DISABLE KEYS */;

INSERT INTO `TIPOS_RUBRO` (`id`, `DESCRIPCION`, `TIPO`, `ID_CLASIFICACION`)
VALUES
	(6,'EEGSA 222330/C32324','F',4),
	(7,'EEGSA 222331/C32325','F',4),
	(8,'PLANILLA QUINCENA','P',2),
	(9,'PLANILLA FIN DE MES','P',2);

/*!40000 ALTER TABLE `TIPOS_RUBRO` ENABLE KEYS */;
UNLOCK TABLES;


# Dump of table TRASLADOS_DETAIL
# ------------------------------------------------------------

DROP TABLE IF EXISTS `TRASLADOS_DETAIL`;

CREATE TABLE `TRASLADOS_DETAIL` (
  `id` int(11) unsigned NOT NULL AUTO_INCREMENT,
  `ID_TRASLADO` int(11) DEFAULT NULL,
  `PRODUCTO` int(11) DEFAULT NULL,
  `UNIDADES` int(11) DEFAULT NULL,
  `PACKING` varchar(300) DEFAULT NULL,
  PRIMARY KEY (`id`)
) ENGINE=InnoDB DEFAULT CHARSET=latin1;

LOCK TABLES `TRASLADOS_DETAIL` WRITE;
/*!40000 ALTER TABLE `TRASLADOS_DETAIL` DISABLE KEYS */;

INSERT INTO `TRASLADOS_DETAIL` (`id`, `ID_TRASLADO`, `PRODUCTO`, `UNIDADES`, `PACKING`)
VALUES
	(30,22,10,1,'6'),
	(31,23,3,1,'50'),
	(32,24,3,1,'11'),
	(33,25,3,1,'11'),
	(34,26,3,1,'11'),
	(35,27,3,1,'1'),
	(36,28,3,1,'5'),
	(37,29,3,1,'1'),
	(38,29,3,1,'10'),
	(39,29,3,1,'1'),
	(40,30,3,1,'8'),
	(41,31,3,1,'10'),
	(42,32,3,1,'10'),
	(43,33,3,1,'1'),
	(44,34,8,12,'1'),
	(45,34,10,1,'1'),
	(46,34,3,1,'1'),
	(47,35,3,1,'14'),
	(48,36,3,1,'10'),
	(49,37,8,100,'1'),
	(50,37,11,24,'1'),
	(51,38,11,1,'8'),
	(52,39,8,1,'467'),
	(53,40,10,1,'5'),
	(54,41,2,1,'17'),
	(55,42,2,1,'200'),
	(56,43,12,1,'2'),
	(57,44,12,1,'10'),
	(58,45,2,2,'1'),
	(59,46,2,1,'1'),
	(60,47,2,9,'1'),
	(61,48,3,1,'1'),
	(62,48,8,1,'1'),
	(63,49,12,93,'1'),
	(64,50,10,54,'1'),
	(65,51,3,4,'1'),
	(66,52,3,20,'1'),
	(67,52,2,4,'1'),
	(68,52,8,11,'1'),
	(69,52,10,2,'1'),
	(70,52,11,2,'1'),
	(71,53,8,9,'1'),
	(72,54,11,2,'24'),
	(73,55,3,1,'1'),
	(74,55,10,2,'1'),
	(75,56,3,9,'1'),
	(76,56,10,2,'1'),
	(77,57,10,3,'1'),
	(78,57,3,10,'1'),
	(79,58,2,10,'1'),
	(80,58,3,5,'1'),
	(81,58,8,10,'1'),
	(82,58,10,5,'1'),
	(83,58,11,10,'1'),
	(84,59,3,6,'1'),
	(85,60,11,50,'50'),
	(86,61,10,5,'1'),
	(87,62,10,5,'1'),
	(88,63,10,5,'1'),
	(89,64,10,2,'1'),
	(90,65,10,3,'1'),
	(91,66,10,2,'1'),
	(92,67,10,3,'1'),
	(93,68,10,5,'1'),
	(94,69,10,4,'1'),
	(95,70,10,1,'1'),
	(96,71,10,1,'1'),
	(97,72,10,1,'1'),
	(98,73,10,1,'1'),
	(99,74,10,2,'1'),
	(100,75,2,1,'1'),
	(101,75,3,1,'1'),
	(102,75,8,1,'1'),
	(103,75,10,1,'1'),
	(104,75,2,1,'1'),
	(105,75,3,1,'1'),
	(106,75,10,1,'1'),
	(107,75,2,1,'1'),
	(108,75,10,1,'1'),
	(109,75,8,1,'1'),
	(110,75,10,1,'1'),
	(111,75,10,1,'1'),
	(112,75,10,1,'1'),
	(113,75,10,1,'1'),
	(114,75,10,1,'1'),
	(115,75,10,1,'1'),
	(116,75,10,1,'1'),
	(117,75,10,1,'1'),
	(118,75,10,1,'1'),
	(119,75,10,1,'1'),
	(120,75,10,1,'1'),
	(121,75,10,1,'1'),
	(122,75,10,1,'1'),
	(123,75,10,1,'1'),
	(124,75,10,1,'1'),
	(125,75,10,1,'1');

/*!40000 ALTER TABLE `TRASLADOS_DETAIL` ENABLE KEYS */;
UNLOCK TABLES;


# Dump of table TRASLADOS_HEADER
# ------------------------------------------------------------

DROP TABLE IF EXISTS `TRASLADOS_HEADER`;

CREATE TABLE `TRASLADOS_HEADER` (
  `id` int(11) unsigned NOT NULL AUTO_INCREMENT,
  `BODEGA_ORIGEN` int(11) DEFAULT NULL,
  `BODEGA_DESTINO` int(11) DEFAULT NULL,
  `FECHA` timestamp NULL DEFAULT NULL,
  `ESTADO` varchar(1) DEFAULT NULL,
  `USUARIO` int(11) DEFAULT NULL,
  `TRANSID` varchar(300) DEFAULT NULL,
  `DESTINATARIO` int(11) DEFAULT NULL,
  `CORRELATIVO` int(11) DEFAULT NULL,
  PRIMARY KEY (`id`)
) ENGINE=InnoDB DEFAULT CHARSET=latin1;

LOCK TABLES `TRASLADOS_HEADER` WRITE;
/*!40000 ALTER TABLE `TRASLADOS_HEADER` DISABLE KEYS */;

INSERT INTO `TRASLADOS_HEADER` (`id`, `BODEGA_ORIGEN`, `BODEGA_DESTINO`, `FECHA`, `ESTADO`, `USUARIO`, `TRANSID`, `DESTINATARIO`, `CORRELATIVO`)
VALUES
	(22,2,4,'2016-01-06 00:00:00','T',2,'EFT-4957840838638744516',NULL,30),
	(23,2,2,'2016-02-12 00:00:00','T',2,'EFT-5287763520531601400',NULL,29),
	(24,2,4,'2016-03-01 00:00:00','C',2,'EFT-1943833713302014389',NULL,28),
	(25,2,4,'2016-03-01 00:00:00','C',2,'EFT-5549553676949713998',NULL,27),
	(26,2,4,'2016-03-01 00:00:00','T',2,'EFT-4870711863371671199',2,26),
	(27,2,2,'2016-03-01 00:00:00','T',2,'EFT2200104791943267207',2,25),
	(28,2,4,'2016-03-02 00:00:00','T',2,'EFT-8661324068356408814',2,24),
	(29,2,4,'2016-03-02 00:00:00','T',2,'EFT1111059192668993566',NULL,23),
	(30,2,2,'2016-03-02 00:00:00','T',2,'EFT2846898380378934524',2,22),
	(31,2,2,'2016-03-02 00:00:00','T',2,'EFT-3760002754539868451',NULL,21),
	(32,2,2,'2016-03-02 00:00:00','T',2,'EFT1239205515922016036',NULL,20),
	(33,2,2,'2016-03-30 00:00:00','C',2,'EFT6133748258086308227',NULL,19),
	(34,2,2,'2016-03-30 00:00:00','C',2,'EFT8615976591366688078',NULL,18),
	(35,2,4,'2016-05-04 00:00:00','T',2,'EFT-9156118692272554086',2,17),
	(36,2,2,'2016-05-04 00:00:00','T',2,'EFT-1076539404620784425',2,16),
	(37,2,4,'2016-07-05 00:00:00','C',2,'EFT5355452191917490698',NULL,15),
	(38,2,14,'2016-07-17 23:27:18','C',2,'EFT2383933864474766787',NULL,13),
	(39,2,4,'2016-07-28 19:20:37','C',2,'EFT3333238726778436196',NULL,14),
	(40,2,4,'2016-07-28 19:26:26','C',2,'EFT-8668413755238093931',NULL,12),
	(41,2,4,'2016-07-28 19:28:09','T',2,'EFT7500074430020436281',2,3),
	(42,2,2,'2016-07-30 12:36:32','C',2,'EFT876594588163070303',NULL,1),
	(43,2,2,'2016-07-30 12:38:36','C',2,'EFT9123140570680756378',NULL,2),
	(44,2,4,'2016-07-30 12:40:31','C',2,'EFT-4575220267192418948',NULL,4),
	(45,2,2,'2016-08-11 20:37:22','C',2,'EFT-142526927642409588',NULL,3),
	(46,2,2,'2016-08-11 20:41:31','C',2,'EFT4960945154591706729',NULL,4),
	(47,2,2,'2016-08-11 20:46:37','C',2,'EFT1538841292852217839',NULL,5),
	(48,2,2,'2016-08-25 20:23:50','C',2,'EFT-1745549549183347596',NULL,6),
	(49,2,2,'2016-08-25 20:34:27','C',2,'EFT923780934132185634',NULL,7),
	(50,2,2,'2016-08-25 20:36:02','T',2,'EFT-7529873266453128781',2,8),
	(51,2,2,'2016-08-26 17:56:01','C',2,'EFT-654307815955617955',NULL,9),
	(52,2,4,'2016-08-31 18:42:25','T',2,'EFT-680975584708052087',2,5),
	(53,2,5,'2016-08-31 18:45:41','C',2,'EFT-7847542243459874035',NULL,1),
	(54,2,4,'2016-09-04 22:32:07','T',2,'EFT4778735611519611974',2,6),
	(55,5,2,'2016-09-07 21:07:28','T',2,'EFT-1166857472991291312',2,1),
	(56,5,4,'2016-09-07 21:10:46','T',2,'EFT-3879979904274301215',2,1),
	(57,5,2,'2016-09-07 21:19:57','T',2,'EFT1346088698865406138',2,2),
	(58,2,4,'2016-09-21 21:39:54','T',2,'EFT-5668695578956038757',2,7),
	(59,2,4,'2016-09-22 11:19:37','C',2,'EFT5891514511326241863',NULL,8),
	(60,2,5,'2016-09-22 11:22:55','C',2,'EFT3297582500787753426',NULL,2),
	(61,2,2,'2017-01-04 22:17:38','C',2,'EFT2378754785168954749',NULL,10),
	(62,2,2,'2017-01-04 22:38:19','C',2,'EFT-7598092454029847706',NULL,11),
	(63,2,2,'2017-01-04 22:38:40','C',2,'EFT7986615242628784570',NULL,12),
	(64,2,2,'2017-01-04 22:45:54','C',2,'EFT-6402382751033332980',NULL,13),
	(65,2,2,'2017-01-04 22:46:42','C',2,'EFT2535442174846595985',NULL,14),
	(66,2,2,'2017-01-04 22:48:49','C',2,'EFT-8609910915934043057',NULL,15),
	(67,2,2,'2017-01-04 22:49:41','C',2,'EFT446892861676685272',NULL,16),
	(68,2,2,'2017-01-04 22:52:22','C',2,'EFT-5939109026800432807',NULL,17),
	(69,2,2,'2017-01-04 22:53:48','C',2,'EFT-8791625393464598192',NULL,18),
	(70,2,2,'2017-01-04 22:54:10','C',2,'EFT-8747600677836669305',NULL,19),
	(71,2,2,'2017-01-04 22:54:24','C',2,'EFT6364430795725496693',NULL,20),
	(72,2,2,'2017-01-04 22:55:01','C',2,'EFT5827636781945455600',NULL,21),
	(73,2,2,'2017-01-04 22:55:11','C',2,'EFT-7870592421994968826',NULL,22),
	(74,2,2,'2017-01-04 22:56:40','C',2,'EFT908645740920619513',NULL,23),
	(75,2,2,'2017-01-07 17:46:51','C',2,'EFT-8505034719033472849',NULL,24);

/*!40000 ALTER TABLE `TRASLADOS_HEADER` ENABLE KEYS */;
UNLOCK TABLES;


# Dump of table USUARIOS
# ------------------------------------------------------------

DROP TABLE IF EXISTS `USUARIOS`;

CREATE TABLE `USUARIOS` (
  `id` int(11) unsigned NOT NULL AUTO_INCREMENT,
  `USUARIO` varchar(50) NOT NULL DEFAULT '',
  `NOMBRE` varchar(100) DEFAULT NULL,
  `CLAVE` varchar(50) NOT NULL DEFAULT '',
  `ROL` int(11) DEFAULT NULL,
  `ESTADO` tinyint(1) DEFAULT NULL,
  `CORREO` varchar(255) DEFAULT NULL,
  `TELEFONO` varchar(30) DEFAULT NULL,
  PRIMARY KEY (`id`),
  KEY `USUARIO` (`USUARIO`)
) ENGINE=InnoDB DEFAULT CHARSET=utf8;

LOCK TABLES `USUARIOS` WRITE;
/*!40000 ALTER TABLE `USUARIOS` DISABLE KEYS */;

INSERT INTO `USUARIOS` (`id`, `USUARIO`, `NOMBRE`, `CLAVE`, `ROL`, `ESTADO`, `CORREO`, `TELEFONO`)
VALUES
	(1,'admin','Administrador','admin',0,1,'jalejandro.urizar@gmail.com','46592343'),
	(2,'jurizar','Jose Alejandro Urizar','jurizar',0,1,'jalejandro.urizar@gmail.com','5993-5020'),
	(3,'vendedor.san.juan','Vendedor San Juan','vendedor',0,0,'sanjuan@volcancito.com','---'),
	(4,'test','Test User','test',15,1,'test@gmail.com','44332211'),
	(5,'nuevoempleado','Nuevo Empleado','nuevoempleado',0,0,'elcorreo@com.com','77898979'),
	(6,'vendedor','Vendedor','vendedor',2,1,'vendedor@gmail.com','87654321');

/*!40000 ALTER TABLE `USUARIOS` ENABLE KEYS */;
UNLOCK TABLES;



/*!40111 SET SQL_NOTES=@OLD_SQL_NOTES */;
/*!40101 SET SQL_MODE=@OLD_SQL_MODE */;
/*!40014 SET FOREIGN_KEY_CHECKS=@OLD_FOREIGN_KEY_CHECKS */;
/*!40101 SET CHARACTER_SET_CLIENT=@OLD_CHARACTER_SET_CLIENT */;
/*!40101 SET CHARACTER_SET_RESULTS=@OLD_CHARACTER_SET_RESULTS */;
/*!40101 SET COLLATION_CONNECTION=@OLD_COLLATION_CONNECTION */;
